CDREDE;DE;CODMUN;MUN;CATEG;TIPOESC;COD_ESC;NOMESC;AL_ALEMAO_DU;AL_ESPANHOL_DU;AL_FRANCES_DU;AL_INGLES_DU;AL_ITALIANO_DU;AL_JAPONES_DU;AL_MANDARIM_DU;TOTAL_AL_DU;AL_ALEMAO_SAB_SEMANA;AL_ESPANHOL_SAB_SEMANA;AL_FRANCES_SAB_SEMANA;AL_INGLES_SAB_SEMANA;AL_ITALIANO_SAB_SEMANA;AL_JAPONES_SAB_SEMANA;AL_MANDARIM_SAB_SEMANA;TOTAL_AL_SAB_SEMANA;AL_ALEMAO_SAB;AL_ESPANHOL_SAB;AL_FRANCES_SAB;AL_INGLES_SAB;AL_ITALIANO_SAB;AL_JAPONES_SAB;AL_MANDARIM_SAB;TOTAL_AL_SAB;CL_ALEMAO_DU;CL_ESPANHOL_DU;CL_FRANCES_DU;CL_INGLES_DU;CL_ITALIANO_DU;CL_JAPONES_DU;CL_MANDARIM_DU;TOTAL_CL_DU;CL_ALEMAO_SAB_SEMANA;CL_ESPANHOL_SAB_SEMANA;CL_FRANCES_SAB_SEMANA;CL_INGLES_SAB_SEMANA;CL_ITALIANO_SAB_SEMANA;CL_JAPONES_SAB_SEMANA;CL_MANDARIM_SAB_SEMANA;TOTAL_CL_SAB_SEMANA;CL_ALEMAO_SAB;CL_ESPANHOL_SAB;CL_FRANCES_SAB;CL_INGLES_SAB;CL_ITALIANO_SAB;CL_JAPONES_SAB;CL_MANDARIM_SAB;TOTAL_CL_SAB;TOTAL_TOTAL_AL;TOTAL_TOTAL_CL
10101;NORTE 1;100;SAO PAULO;2;6;985004;CEL JTO A EE ANTONIO C C GUIMARAES FILHO PROFESSOR;0;32;0;0;0;0;0;32;0;0;0;0;0;0;0;0;0;0;0;0;0;0;0;0;0;1;0;0;0;0;0;1;0;0;0;0;0;0;0;0;0;0;0;0;0;0;0;0;32;1
10102;CENTRO;100;SAO PAULO;2;6;985028;CEL JTO A EE BUENOS AIRES;60;181;121;139;0;0;0;501;0;0;0;0;0;0;0;0;0;0;0;0;0;0;0;0;3;11;7;5;0;0;0;26;0;0;0;0;0;0;0;0;0;0;0;0;0;0;0;0;501;26
10207;LESTE 1;100;SAO PAULO;2;6;985053;CEL JTO A EE NOSSA SENHORA DA PENHA;178;596;133;136;15;67;0;1125;0;0;0;0;0;0;0;0;0;0;0;0;0;0;0;0;12;30;8;5;1;4;0;60;0;0;0;0;0;0;0;0;0;0;0;0;0;0;0;0;1125;60
10207;LESTE 1;100;SAO PAULO;2;6;985065;CEL JTO A EE ERMELINO MATARAZZO;0;228;98;100;0;0;0;426;0;0;0;0;0;0;0;0;0;24;26;0;0;0;0;50;0;12;4;5;0;0;0;21;0;0;0;0;0;0;0;0;0;1;2;0;0;0;0;3;476;24
10208;LESTE 4;100;SAO PAULO;2;6;411875;CEL JTO A EE DONA ZALINA ROLIM;0;167;0;80;0;0;0;247;0;0;0;0;0;0;0;0;0;0;0;0;0;0;0;0;0;9;0;3;0;0;0;12;0;0;0;0;0;0;0;0;0;0;0;0;0;0;0;0;247;12
10210;LESTE 2;100;SAO PAULO;2;6;458272;CEL JTO A EE DOM PEDRO I;22;62;30;33;0;38;0;185;0;0;0;0;0;0;0;0;0;416;86;197;18;0;0;717;1;3;1;1;0;2;0;8;0;0;0;0;0;0;0;0;0;16;4;7;1;0;0;28;902;36
10211;LESTE 3;100;SAO PAULO;2;6;985089;CEL JTO A EE FADLO HAIDAR;68;926;190;324;61;105;0;1674;0;0;0;0;0;0;0;0;0;0;0;0;0;0;0;0;3;37;8;11;3;5;0;67;0;0;0;0;0;0;0;0;0;0;0;0;0;0;0;0;1674;67
10312;CENTRO OESTE;100;SAO PAULO;2;6;431850;CEL JTO A EE ANHANGUERA;0;24;0;12;0;0;0;36;0;0;0;0;0;0;0;0;0;0;0;0;0;0;0;0;0;2;0;1;0;0;0;3;0;0;0;0;0;0;0;0;0;0;0;0;0;0;0;0;36;3
10312;CENTRO OESTE;100;SAO PAULO;2;6;985132;CEL JTO A EE RUI BLOEM;0;246;59;49;0;53;0;407;0;0;0;0;0;0;0;0;0;46;0;30;25;0;0;101;0;14;3;2;0;3;0;22;0;0;0;0;0;0;0;0;0;3;0;1;1;0;0;5;508;27
10316;CENTRO SUL;100;SAO PAULO;2;6;985120;CEL JTO A EE ALEXANDRE DE GUSMAO;33;301;107;24;29;103;0;597;0;0;0;0;0;0;0;0;0;0;0;0;0;0;0;0;2;15;6;1;2;7;0;33;0;0;0;0;0;0;0;0;0;0;0;0;0;0;0;0;597;33
10318;SUL 3;100;SAO PAULO;2;6;458351;CEL JTO A EE ESTHER GARCIA PROFA;30;40;0;0;0;0;0;70;0;0;0;0;0;0;0;0;0;12;0;0;0;0;0;12;4;9;0;0;0;0;0;13;0;0;0;0;0;0;0;0;0;1;0;0;0;0;0;1;82;14
10502;SUZANO;672;SUZANO;2;6;985181;CEL JTO A EE RAUL BRASIL PROFESSOR;0;850;149;29;0;103;0;1131;0;0;0;0;0;0;0;0;0;0;0;0;0;0;0;0;0;44;9;1;0;6;0;60;0;0;0;0;0;0;0;0;0;0;0;0;0;0;0;0;1131;60
10503;ITAQUAQUECETUBA;379;ITAQUAQUECETUBA;2;6;458545;CEL JTO A EE ZILDA BRACONI AMADOR PROFA;0;78;0;46;0;0;0;124;0;0;0;0;0;0;0;0;0;0;0;0;0;0;0;0;0;7;0;2;0;0;0;9;0;0;0;0;0;0;0;0;0;0;0;0;0;0;0;0;124;9
10503;ITAQUAQUECETUBA;546;POA;2;6;446026;CEL JTO A EE PAULO EDUARDO OLINTHO REHDER JORNALISTA;0;161;0;62;0;0;0;223;0;0;0;0;0;0;0;0;0;0;0;0;0;0;0;0;0;10;0;2;0;0;0;12;0;0;0;0;0;0;0;0;0;0;0;0;0;0;0;0;223;12
10602;MAUA;442;MAUA;2;6;458570;CEL JTO A EE OLAVO HANSEN;0;366;0;33;0;0;0;399;0;0;0;0;0;0;0;0;0;54;0;33;0;0;0;87;0;14;0;1;0;0;0;15;0;0;0;0;0;0;0;0;0;2;0;1;0;0;0;3;486;18
10602;MAUA;581;RIBEIRAO PIRES;2;6;458557;CEL JTO A EE FELICIO LAURITO DR;0;27;0;0;0;0;0;27;0;0;0;0;0;0;0;0;0;0;0;0;0;0;0;0;0;2;0;0;0;0;0;2;0;0;0;0;0;0;0;0;0;0;0;0;0;0;0;0;27;2
10606;SAO BERNARDO DO CAMPO;635;SAO BERNARDO DO CAMPO;2;6;985200;CEL JTO A EE 20 DE AGOSTO;12;341;0;0;0;0;0;353;0;0;0;0;0;0;0;0;0;0;0;0;0;0;0;0;1;12;0;0;0;0;0;13;0;0;0;0;0;0;0;0;0;0;0;0;0;0;0;0;353;13
10102;CENTRO;100;SAO PAULO;2;6;985107;CEL JTO A EE MAURO DE OLIVEIRA PROFESSOR;0;119;43;48;0;0;0;210;0;0;0;0;0;0;0;0;0;0;0;0;0;0;0;0;0;6;4;2;0;0;0;12;0;0;0;0;0;0;0;0;0;0;0;0;0;0;0;0;210;12
10205;LESTE 5;100;SAO PAULO;2;6;458296;CEL JTO A EE JOSE MARQUES DA CRUZ PROF;21;148;16;74;0;0;0;259;0;0;0;0;0;0;0;0;21;95;22;19;20;0;0;177;2;8;1;3;0;0;0;14;0;0;0;0;0;0;0;0;1;4;1;1;1;0;0;8;436;22
10314;SUL 2;100;SAO PAULO;2;6;985156;CEL JTO A EE LEOPOLDO SANTANA PROFESSOR;117;377;196;77;65;91;0;923;0;0;0;0;0;0;0;0;0;0;0;0;0;0;0;0;6;16;9;3;3;4;0;41;0;0;0;0;0;0;0;0;0;0;0;0;0;0;0;0;923;41
10316;CENTRO SUL;100;SAO PAULO;2;6;498634;CEL JTO A EE ROOSEVELT PRESIDENTE;0;145;43;22;0;32;0;242;0;0;0;0;0;0;0;0;0;0;0;0;0;0;0;0;0;10;5;1;0;3;0;19;0;0;0;0;0;0;0;0;0;0;0;0;0;0;0;0;242;19
10316;CENTRO SUL;100;SAO PAULO;2;6;985788;CEL JTO A EE JULIA MACEDO PANTOJA PROFESSORA;59;472;41;129;64;83;0;848;0;0;0;0;0;0;0;0;0;0;0;0;0;0;0;0;4;24;3;5;4;5;0;45;0;0;0;0;0;0;0;0;0;0;0;0;0;0;0;0;848;45
10318;SUL 3;100;SAO PAULO;2;6;29828;CEL JTO A EE LAERTE RAMOS PROF DR;0;363;0;140;0;146;0;649;0;0;0;0;0;0;0;0;0;0;0;0;0;0;0;0;0;17;0;5;0;7;0;29;0;0;0;0;0;0;0;0;0;0;0;0;0;0;0;0;649;29
10318;SUL 3;100;SAO PAULO;2;6;458399;CEL JTO A EE ALBERTO SALOTTI PROF;0;173;96;46;0;0;0;315;0;0;0;0;0;0;0;0;0;0;0;0;0;0;0;0;0;8;3;2;0;0;0;13;0;0;0;0;0;0;0;0;0;0;0;0;0;0;0;0;315;13
10318;SUL 3;100;SAO PAULO;2;6;985168;CEL JTO A EE PAULINO NUNES ESPOSO;0;238;0;61;0;0;0;299;0;0;0;0;0;0;0;0;0;0;0;0;0;0;0;0;0;11;0;2;0;0;0;13;0;0;0;0;0;0;0;0;0;0;0;0;0;0;0;0;299;13
10401;CAIEIRAS;239;CAIEIRAS;2;6;499729;CEL JTO A EE WALTHER WEISZFLOG;55;219;0;52;0;0;0;326;0;0;0;0;0;0;0;0;0;0;0;0;0;0;0;0;4;9;0;2;0;0;0;15;0;0;0;0;0;0;0;0;0;0;0;0;0;0;0;0;326;15
10401;CAIEIRAS;311;FRANCISCO MORATO;2;6;985659;CEL JTO A EE CELESTINA VALENTE LEGENFELDER;0;148;0;21;0;0;0;169;0;0;0;0;0;0;0;0;0;86;0;0;0;0;0;86;0;6;0;1;0;0;0;7;0;0;0;0;0;0;0;0;0;3;0;0;0;0;0;3;255;10
10401;CAIEIRAS;312;FRANCO DA ROCHA;2;6;499742;CEL JTO A EE BENEDITO FAGUNDES MARQUES;0;321;0;28;0;0;0;349;0;0;0;0;0;0;0;0;0;27;0;34;0;0;0;61;0;13;0;1;0;0;0;14;0;0;0;0;0;0;0;0;0;1;0;1;0;0;0;2;410;16
10402;GUARULHOS SUL;336;GUARULHOS;2;6;985673;CEL JTO A EE ALICE CHUERY PROFESSORA;0;284;135;63;0;0;0;482;0;0;0;0;0;0;0;0;0;0;0;0;0;0;0;0;0;14;7;2;0;0;0;23;0;0;0;0;0;0;0;0;0;0;0;0;0;0;0;0;482;23
10403;GUARULHOS NORTE;336;GUARULHOS;2;6;407331;CEL JTO A EE CONRADO SIVILA ALSINA PADRE;0;404;118;129;116;0;0;767;0;0;0;0;0;0;0;0;0;0;0;0;0;0;0;0;0;26;5;5;8;0;0;44;0;0;0;0;0;0;0;0;0;0;0;0;0;0;0;0;767;44
10501;MOGI DAS CRUZES;454;MOGI DAS CRUZES;2;6;985752;CEL JTO A EE FRANCISCO FERREIRA LOPES;0;708;48;223;55;54;30;1118;0;0;0;0;0;0;0;0;0;0;0;0;0;0;0;0;0;33;4;10;4;3;2;56;0;0;0;0;0;0;0;0;0;0;0;0;0;0;0;0;1118;56
10502;SUZANO;305;FERRAZ DE VASCONCELOS;2;6;496443;CEL JTO A EE PROFA IGNES CORREA ALLEN;0;1;0;0;0;0;0;1;0;0;0;0;0;0;0;0;0;0;0;0;0;0;0;0;0;1;0;0;0;0;0;1;0;0;0;0;0;0;0;0;0;0;0;0;0;0;0;0;1;1
10601;DIADEMA;286;DIADEMA;2;6;499161;CEL JTO A EE ORIGENES LESSA;23;173;0;36;0;0;0;232;0;0;0;0;0;0;0;0;0;0;0;0;0;0;0;0;2;8;0;2;0;0;0;12;0;0;0;0;0;0;0;0;0;0;0;0;0;0;0;0;232;12
10602;MAUA;442;MAUA;2;6;985570;CEL JTO A EE MARLENE CAMARGO RIBEIRO;0;292;0;68;0;0;0;360;0;0;0;0;0;0;0;0;0;0;0;0;0;0;0;0;0;11;0;2;0;0;0;13;0;0;0;0;0;0;0;0;0;0;0;0;0;0;0;0;360;13
10104;NORTE 2;100;SAO PAULO;2;6;458314;CEL JTO A EE VERIDIANA CAMACHO CARVALHO GOMES PROFA;0;96;0;0;0;0;0;96;0;0;0;0;0;0;0;0;0;0;0;0;0;0;0;0;0;5;0;0;0;0;0;5;0;0;0;0;0;0;0;0;0;0;0;0;0;0;0;0;96;5
10104;NORTE 2;100;SAO PAULO;2;6;985016;CEL JTO A EE ALBINO CESAR;0;146;0;76;0;0;0;222;0;0;0;0;0;0;0;0;0;0;0;0;0;0;0;0;0;9;0;3;0;0;0;12;0;0;0;0;0;0;0;0;0;0;0;0;0;0;0;0;222;12
10205;LESTE 5;100;SAO PAULO;2;6;985041;CEL JTO A EE JOAO DIAS DA SILVEIRA PROFESSOR;19;130;26;67;0;0;0;242;0;0;0;0;0;0;0;0;10;168;27;47;0;0;0;252;2;8;3;3;0;0;0;16;0;0;0;0;0;0;0;0;1;7;1;2;0;0;0;11;494;27
10205;LESTE 5;100;SAO PAULO;2;6;985685;CEL JTO A EE PAULO EGYDIO O CARVALHO SENADOR;0;99;65;100;0;0;0;264;0;0;0;0;0;0;0;0;29;125;69;67;34;0;0;324;0;5;3;3;0;0;0;11;0;0;0;0;0;0;0;0;2;6;5;2;1;0;0;16;588;27
10317;SUL 1;100;SAO PAULO;2;6;5029;CEL JTO A EE MEXICO;0;108;0;31;0;0;0;139;0;0;0;0;0;0;0;0;0;0;0;0;0;0;0;0;0;4;0;2;0;0;0;6;0;0;0;0;0;0;0;0;0;0;0;0;0;0;0;0;139;6
10317;SUL 1;100;SAO PAULO;2;6;482341;CEL JTO A EE PLINIO NEGRAO;55;168;77;56;11;63;0;430;0;0;0;0;0;0;0;0;58;71;15;79;29;56;0;308;3;10;4;3;2;4;0;26;0;0;0;0;0;0;0;0;4;3;1;4;2;3;0;17;738;43
10401;CAIEIRAS;241;CAJAMAR;2;6;458405;CEL JTO A EE WALTER RIBAS DE ANDRADE PROF;0;0;0;19;0;0;0;19;0;0;0;0;0;0;0;0;0;7;0;83;0;0;0;90;0;0;0;1;0;0;0;1;0;0;0;0;0;0;0;0;0;1;0;3;0;0;0;4;109;5
10501;MOGI DAS CRUZES;454;MOGI DAS CRUZES;2;6;458594;CEL JTO A EE FIRMINO LADEIRA PROF;11;270;59;31;13;57;0;441;0;0;0;0;0;0;0;0;0;0;0;0;0;0;0;0;1;13;4;3;1;3;0;25;0;0;0;0;0;0;0;0;0;0;0;0;0;0;0;0;441;25
10603;SANTO ANDRE;626;SANTO ANDRE;2;6;985193;CEL JTO A EE PROF AMARAL WAGNER;0;376;125;0;0;0;0;501;0;0;0;0;0;0;0;0;0;0;0;0;0;0;0;0;0;17;8;0;0;0;0;25;0;0;0;0;0;0;0;0;0;0;0;0;0;0;0;0;501;25
10701;CARAPICUIBA;278;COTIA;2;6;985223;CEL JTO A EE PEDRO CASEMIRO LEITE PROFESSOR;13;369;65;100;64;96;0;707;0;0;0;0;0;0;0;0;16;23;0;0;17;14;0;70;2;21;5;4;4;6;0;42;0;0;0;0;0;0;0;0;1;1;0;0;1;1;0;4;777;46
10702;ITAPECERICA DA SERRA;299;EMBU-GUACU;2;6;6049;CEL JTO A EE PASCHOAL CARLOS MAGNO;0;28;0;0;0;0;0;28;0;0;0;0;0;0;0;0;0;0;0;0;0;0;0;0;0;1;0;0;0;0;0;1;0;0;0;0;0;0;0;0;0;0;0;0;0;0;0;0;28;1
10702;ITAPECERICA DA SERRA;370;ITAPECERICA DA SERRA;2;6;434848;CEL JTO A EE NATERCIA CREMM DE MORAES PEDRO PROFESSORA;0;0;0;0;0;0;0;0;0;0;0;0;0;0;0;0;0;89;0;0;0;0;0;89;0;0;0;0;0;0;0;0;0;0;0;0;0;0;0;0;0;4;0;0;0;0;0;4;89;4
10704;OSASCO;492;OSASCO;2;6;985235;CEL JTO A EE ANTONIO RAPOSO TAVARES;0;418;157;67;33;0;0;675;0;0;0;0;0;0;0;0;0;0;0;0;0;0;0;0;0;15;7;2;1;0;0;25;0;0;0;0;0;0;0;0;0;0;0;0;0;0;0;0;675;25
20103;SAO VICENTE;459;MONGAGUA;2;6;464004;CEL JTO A EE AIDA LEDA BAUER DAVIES PROFESSORA;0;33;0;0;0;0;0;33;0;0;0;0;0;0;0;0;0;0;0;0;0;0;0;0;0;2;0;0;0;0;0;2;0;0;0;0;0;0;0;0;0;0;0;0;0;0;0;0;33;2
20103;SAO VICENTE;558;PRAIA GRANDE;2;6;435752;CEL JTO A EE REYNALDO KUNTZ BUSCH DOUTOR;0;162;37;105;0;0;0;304;0;0;0;0;0;0;0;0;0;169;0;48;0;0;0;217;0;8;2;4;0;0;0;14;0;0;0;0;0;0;0;0;0;7;0;2;0;0;0;9;521;23
20202;GUARATINGUETA;332;GUARATINGUETA;2;6;985557;CEL JTO A EE RODRIGUES ALVES CONSELHEIRO;36;208;0;94;24;0;0;362;0;0;0;0;0;0;0;0;29;277;0;95;0;0;0;401;2;9;0;3;1;0;0;15;0;0;0;0;0;0;0;0;1;10;0;3;0;0;0;14;763;29
20204;PINDAMONHANGABA;246;CAMPOS DO JORDAO;2;6;460254;CEL JTO A EE THEODORO CORREA CINTRA PROF;0;31;0;0;0;0;0;31;0;0;0;0;0;0;0;0;0;0;0;0;0;0;0;0;0;2;0;0;0;0;0;2;0;0;0;0;0;0;0;0;0;0;0;0;0;0;0;0;31;2
20102;SANTOS;335;GUARUJA;2;6;460345;CEL JTO A EE MARCILIO DIAS;0;21;0;27;3;0;0;51;0;0;0;0;0;0;0;0;0;0;0;0;0;0;0;0;0;3;0;1;1;0;0;5;0;0;0;0;0;0;0;0;0;0;0;0;0;0;0;0;51;5
20102;SANTOS;633;SANTOS;2;6;564801;CEL JTO A ZULMIRA CAMPOS;0;253;0;52;0;0;0;305;0;0;0;0;0;0;0;0;0;0;0;0;0;0;0;0;0;9;0;2;0;0;0;11;0;0;0;0;0;0;0;0;0;0;0;0;0;0;0;0;305;11
20102;SANTOS;633;SANTOS;2;6;985594;CEL JTO A EE OLGA CURY;0;2;0;0;0;0;0;2;0;0;0;0;0;0;0;0;0;0;0;0;0;0;0;0;0;1;0;0;0;0;0;1;0;0;0;0;0;0;0;0;0;0;0;0;0;0;0;0;2;1
20103;SAO VICENTE;369;ITANHAEM;2;6;985624;CEL JTO A EE BENEDITO CALIXTO;0;313;0;143;0;0;0;456;0;0;0;0;0;0;0;0;0;0;0;20;0;0;0;20;0;14;0;5;0;0;0;19;0;0;0;0;0;0;0;0;0;0;0;1;0;0;0;1;476;20
20202;GUARATINGUETA;284;CUNHA;2;6;459203;CEL JTO A EE PAULO VIRGINIO;7;52;0;21;0;0;0;80;0;0;0;0;0;0;0;0;0;142;0;26;32;0;0;200;1;3;0;1;0;0;0;5;0;0;0;0;0;0;0;0;0;5;0;1;1;0;0;7;280;12
20204;PINDAMONHANGABA;528;PINDAMONHANGABA;2;6;460278;CEL JTO A EE ALFREDO PUJOL DOUTOR;0;369;0;99;0;0;0;468;0;0;0;0;0;0;0;0;0;0;0;0;0;0;0;0;0;19;0;4;0;0;0;23;0;0;0;0;0;0;0;0;0;0;0;0;0;0;0;0;468;23
20204;PINDAMONHANGABA;695;TREMEMBE;2;6;460291;CEL JTO A EE MANUEL CABRAL;0;17;0;0;0;0;0;17;0;0;0;0;0;0;0;0;0;7;0;0;0;0;0;7;0;2;0;0;0;0;0;2;0;0;0;0;0;0;0;0;0;1;0;0;0;0;0;1;24;3
20205;SAO JOSE DOS CAMPOS;645;SAO JOSE DOS CAMPOS;2;6;985259;CEL JTO A EE ESTEVAN FERRI PROFESSOR;40;292;102;181;0;127;0;742;0;0;0;0;0;0;0;0;0;0;0;0;0;0;0;0;3;17;7;7;0;8;0;42;0;0;0;0;0;0;0;0;0;0;0;0;0;0;0;0;742;42
20207;JACAREI;392;JACAREI;2;6;459586;CEL JTO A EE FRANCISCO F FERREIRA DA SILVA PROF;0;188;0;61;0;0;0;249;0;0;0;0;0;0;0;0;0;0;0;0;0;0;0;0;0;10;0;2;0;0;0;12;0;0;0;0;0;0;0;0;0;0;0;0;0;0;0;0;249;12
20305;ITAPEVA;372;ITAPEVA;2;6;388300;CEL JTO A EE NICOTA SOARES;0;0;0;24;0;0;0;24;0;0;0;0;0;0;0;0;0;0;0;30;0;0;0;30;0;0;0;1;0;0;0;1;0;0;0;0;0;0;0;0;0;0;0;1;0;0;0;1;54;2
20306;ITU;387;ITU;2;6;985648;CEL JTO A EE REGENTE FEIJO;0;204;0;103;0;81;0;388;0;0;0;0;0;0;0;0;0;0;0;0;0;0;0;0;0;9;0;4;0;4;0;17;0;0;0;0;0;0;0;0;0;0;0;0;0;0;0;0;388;17
20306;ITU;600;SALTO;2;6;434036;CEL JTO A EE PAULA SANTOS PROFA;0;307;0;0;0;0;0;307;0;0;0;0;0;0;0;0;0;0;0;0;0;0;0;0;0;13;0;0;0;0;0;13;0;0;0;0;0;0;0;0;0;0;0;0;0;0;0;0;307;13
20307;SAO ROQUE;345;IBIUNA;2;6;466165;CEL JTO A EE MARIA ANGERAMI SCALAMANDRE;0;220;90;44;33;20;0;407;0;0;0;0;0;0;0;0;0;17;40;0;27;40;0;124;0;12;4;2;2;1;0;21;0;0;0;0;0;0;0;0;0;1;2;0;1;2;0;6;531;27
20308;SOROCABA;669;SOROCABA;2;6;985284;CEL JTO A EE ANTONIO PADILHA;82;596;137;163;0;129;0;1107;0;0;0;0;0;0;0;0;0;0;0;0;0;0;0;0;8;36;9;6;0;11;0;70;0;0;0;0;0;0;0;0;0;0;0;0;0;0;0;0;1107;70
20310;VOTORANTIM;178;ARACOIABA DA SERRA;2;6;458697;CEL JTO A EE MARIA ANGELICA BAILLOT PROFA;0;40;0;69;0;0;0;109;0;0;0;0;0;0;0;0;0;0;0;0;0;0;0;0;0;3;0;2;0;0;0;5;0;0;0;0;0;0;0;0;0;0;0;0;0;0;0;0;109;5
20310;VOTORANTIM;526;PIEDADE;2;6;446973;CEL JTO A EE CARLOS AUGUSTO DE CAMARGO PROFESSOR;10;177;22;70;0;0;0;279;0;0;0;0;0;0;0;0;0;0;0;0;0;0;0;0;1;10;1;2;0;0;0;14;0;0;0;0;0;0;0;0;0;0;0;0;0;0;0;0;279;14
20310;VOTORANTIM;527;PILAR DO SUL;2;6;458752;CEL JTO A EE ODILON BATISTA JORDAO VER;0;64;0;34;0;0;0;98;0;0;0;0;0;0;0;0;0;0;0;0;0;0;0;0;0;3;0;1;0;0;0;4;0;0;0;0;0;0;0;0;0;0;0;0;0;0;0;0;98;4
10606;SAO BERNARDO DO CAMPO;636;SAO CAETANO DO SUL;2;6;985211;CEL JTO A EE IDALINA MACEDO COSTA SODRE DONA;0;158;25;98;0;22;0;303;0;0;0;0;0;0;0;0;45;85;0;0;0;66;0;196;0;6;1;3;0;1;0;11;0;0;0;0;0;0;0;0;2;3;0;0;0;2;0;7;499;18
10701;CARAPICUIBA;255;CARAPICUIBA;2;6;407410;CEL JTO A EE WILLIAN RODRIGUES REBUA;0;253;94;52;0;0;0;399;0;0;0;0;0;0;0;0;0;0;0;0;0;0;0;0;0;11;5;2;0;0;0;18;0;0;0;0;0;0;0;0;0;0;0;0;0;0;0;0;399;18
10702;ITAPECERICA DA SERRA;370;ITAPECERICA DA SERRA;2;6;985697;CEL JTO A EE ASA BRANCA DA SERRA;0;77;0;35;0;0;0;112;0;0;0;0;0;0;0;0;0;0;0;35;0;0;0;35;0;4;0;1;0;0;0;5;0;0;0;0;0;0;0;0;0;0;0;1;0;0;0;1;147;6
10704;OSASCO;492;OSASCO;2;6;458624;CEL JTO A EE JOAO BAPTISTA DE BRITO PROF;0;119;0;0;0;0;0;119;0;0;0;0;0;0;0;0;0;0;0;0;0;0;0;0;0;5;0;0;0;0;0;5;0;0;0;0;0;0;0;0;0;0;0;0;0;0;0;0;119;5
20102;SANTOS;335;GUARUJA;2;6;460370;CEL JTO A PROFA THEREZA SILVEIRA DE ALMEIDA;0;37;0;31;0;0;0;68;0;0;0;0;0;0;0;0;0;0;0;0;0;0;0;0;0;3;0;1;0;0;0;4;0;0;0;0;0;0;0;0;0;0;0;0;0;0;0;0;68;4
20103;SAO VICENTE;657;SAO VICENTE;2;6;985247;CEL JTO A EE MARTIM AFONSO;0;295;122;120;0;54;0;591;0;0;0;0;0;0;0;0;0;0;0;0;0;0;0;0;0;13;5;4;0;2;0;24;0;0;0;0;0;0;0;0;0;0;0;0;0;0;0;0;591;24
20202;GUARATINGUETA;282;CRUZEIRO;2;6;985260;CEL JTO A EE OSVALDO CRUZ;0;0;0;0;0;0;0;0;0;0;0;0;0;0;0;0;0;27;0;35;0;0;0;62;0;0;0;0;0;0;0;0;0;0;0;0;0;0;0;0;0;1;0;1;0;0;0;2;62;2
20204;PINDAMONHANGABA;528;PINDAMONHANGABA;2;6;474770;CEL JTO A EE ANTONIA CARLOTA GOMES PROFESSORA;0;126;0;0;0;0;0;126;0;0;0;0;0;0;0;0;0;0;0;0;0;0;0;0;0;7;0;0;0;0;0;7;0;0;0;0;0;0;0;0;0;0;0;0;0;0;0;0;126;7
20304;ITAPETININGA;687;TATUI;2;6;459288;CEL JTO A EE CHICO PEREIRA;0;36;0;73;0;0;0;109;0;0;0;0;0;0;0;0;0;0;0;0;0;0;0;0;0;1;0;3;0;0;0;4;0;0;0;0;0;0;0;0;0;0;0;0;0;0;0;0;109;4
20305;ITAPEVA;251;CAPAO BONITO;2;6;459495;CEL JTO A EE RAUL VENTURELLI DR;0;154;0;137;0;0;0;291;0;0;0;0;0;0;0;0;0;27;0;0;0;0;0;27;0;7;0;5;0;0;0;12;0;0;0;0;0;0;0;0;0;1;0;0;0;0;0;1;318;13
20306;ITU;554;PORTO FELIZ;2;6;459549;CEL JTO A EE SECKLER MONSENHOR;0;0;0;18;0;18;0;36;0;0;0;0;0;0;0;0;0;0;0;0;0;0;0;0;0;0;0;1;0;1;0;2;0;0;0;0;0;0;0;0;0;0;0;0;0;0;0;0;36;2
20310;VOTORANTIM;717;VOTORANTIM;2;6;438030;CEL JTO A EE DANIEL VERANO PROFESSOR;4;197;43;84;24;0;0;352;0;0;0;0;0;0;0;0;0;0;0;0;0;0;0;0;1;11;3;3;2;0;0;20;0;0;0;0;0;0;0;0;0;0;0;0;0;0;0;0;352;20
20311;PIRAJU;537;PIRAJU;2;6;460382;CEL JTO A EE JOAQUIM GUILHERME MOREIRA PORTO DR;0;374;36;56;0;32;0;498;0;0;0;0;0;0;0;0;0;97;18;29;0;31;0;175;0;16;2;2;0;2;0;22;0;0;0;0;0;0;0;0;0;4;1;1;0;1;0;7;673;29
20403;BRAGANCA PAULISTA;225;BRAGANCA PAULISTA;2;6;458375;CEL JTO A EE ALCINDO BUENO DE ASSIS MINISTRO;0;3;0;0;0;0;0;3;0;0;0;0;0;0;0;0;0;0;0;0;0;0;0;0;0;1;0;0;0;0;0;1;0;0;0;0;0;0;0;0;0;0;0;0;0;0;0;0;3;1
20404;CAMPINAS OESTE;244;CAMPINAS;2;6;985600;CEL JTO A EE ORLANDO SIGNORELLI;0;100;0;22;0;0;0;122;0;0;0;0;0;0;0;0;0;0;0;0;0;0;0;0;0;4;0;1;0;0;0;5;0;0;0;0;0;0;0;0;0;0;0;0;0;0;0;0;122;5
20409;MOGI MIRIM;455;MOGI GUACU;2;6;460217;CEL JTO A EE LUIZ MARTINI;0;102;0;39;0;0;0;141;0;0;0;0;0;0;0;0;0;0;0;0;0;0;0;0;0;8;0;2;0;0;0;10;0;0;0;0;0;0;0;0;0;0;0;0;0;0;0;0;141;10
20409;MOGI MIRIM;456;MOGI MIRIM;2;6;985302;CEL JTO A EE MONSENHOR NORA;0;21;0;0;0;0;0;21;0;0;0;0;0;0;0;0;0;0;0;0;0;0;0;0;0;1;0;0;0;0;0;1;0;0;0;0;0;0;0;0;0;0;0;0;0;0;0;0;21;1
20205;SAO JOSE DOS CAMPOS;645;SAO JOSE DOS CAMPOS;2;6;460497;CEL JTO A EE JOSE VIEIRA MACEDO PROF;0;215;43;166;0;87;0;511;0;0;0;0;0;0;0;0;0;0;0;0;0;0;0;0;0;12;3;5;0;5;0;25;0;0;0;0;0;0;0;0;0;0;0;0;0;0;0;0;511;25
20206;TAUBATE;234;CACAPAVA;2;6;985740;CEL JTO A EE MINISTRO JOSE MOURA RESENDE;0;117;23;24;0;0;0;164;0;0;0;0;0;0;0;0;0;0;0;0;0;0;0;0;0;8;2;1;0;0;0;11;0;0;0;0;0;0;0;0;0;0;0;0;0;0;0;0;164;11
20302;AVARE;194;AVARE;2;6;985272;CEL JTO A EE JOAO CRUZ;43;264;75;121;35;48;0;586;0;0;0;0;0;0;0;0;0;70;0;33;0;0;0;103;4;20;5;4;2;2;0;37;0;0;0;0;0;0;0;0;0;3;0;1;0;0;0;4;689;41
20303;BOTUCATU;412;LARANJAL PAULISTA;2;6;458284;CEL JTO A EE LUIZ CAMPACCI;0;151;0;93;0;0;0;244;0;0;0;0;0;0;0;0;0;0;0;0;0;0;0;0;0;8;0;4;0;0;0;12;0;0;0;0;0;0;0;0;0;0;0;0;0;0;0;0;244;12
20304;ITAPETININGA;371;ITAPETININGA;2;6;444339;CEL JTO A EE PEIXOTO GOMIDE;0;178;24;94;27;0;0;323;0;0;0;0;0;0;0;0;0;0;0;0;0;0;0;0;0;11;1;4;1;0;0;17;0;0;0;0;0;0;0;0;0;0;0;0;0;0;0;0;323;17
20307;SAO ROQUE;653;SAO ROQUE;2;6;443475;CEL JTO A EE HORACIO MANLEY LANE;0;108;0;55;16;0;0;179;0;0;0;0;0;0;0;0;0;0;0;0;0;0;0;0;0;4;0;2;1;0;0;7;0;0;0;0;0;0;0;0;0;0;0;0;0;0;0;0;179;7
20308;SOROCABA;669;SOROCABA;2;6;417427;CEL JTO A EE JULIO PRESTES DE ALBUQUERQUE DOUTOR;86;508;79;74;25;156;0;928;0;0;0;17;0;0;0;17;0;0;12;0;10;0;0;22;6;29;6;6;4;9;0;60;0;0;0;1;0;0;0;1;0;0;1;0;1;0;0;2;967;63
20310;VOTORANTIM;252;CAPELA DO ALTO;2;6;458715;CEL JTO A EE PEDRO DIAS DE CAMPOS CEL;0;26;0;19;0;0;0;45;0;0;0;0;0;0;0;0;0;0;0;0;0;0;0;0;0;2;0;1;0;0;0;3;0;0;0;0;0;0;0;0;0;0;0;0;0;0;0;0;45;3
20310;VOTORANTIM;682;TAPIRAI;2;6;458922;CEL JTO A EE JOAO ROSA CEL;18;0;0;0;0;0;0;18;0;0;0;0;0;0;0;0;0;0;0;0;0;0;0;0;1;0;0;0;0;0;0;1;0;0;0;0;0;0;0;0;0;0;0;0;0;0;0;0;18;1
20313;ITARARE;380;ITARARE;2;6;441430;CEL JTO A EE TOME TEIXEIRA;0;0;30;28;0;0;0;58;0;0;0;0;0;0;0;0;0;3;0;0;0;0;0;3;0;0;2;1;0;0;0;3;0;0;0;0;0;0;0;0;0;1;0;0;0;0;0;1;61;4
20407;JUNDIAI;407;JUNDIAI;2;6;985797;CEL JTO A EE MARIA DE LOURDES FRANCA SILVEIRA PROFESSORA;0;99;0;0;11;0;0;110;0;0;0;0;0;0;0;0;0;92;0;34;24;0;0;150;0;9;0;0;1;0;0;10;0;0;0;0;0;0;0;0;0;3;0;1;1;0;0;5;260;15
20408;LIMEIRA;417;LIMEIRA;2;6;985776;CEL JTO A EE CASTELO BRANCO;0;319;0;37;0;0;0;356;0;0;0;0;0;0;0;0;0;0;0;0;0;0;0;0;0;14;0;2;0;0;0;16;0;0;0;0;0;0;0;0;0;0;0;0;0;0;0;0;356;16
20408;LIMEIRA;587;RIO CLARO;2;6;459719;CEL JTO A EE JOAQUIM RIBEIRO;0;38;0;0;0;0;0;38;0;0;0;0;0;0;0;0;0;0;0;0;0;0;0;0;0;4;0;0;0;0;0;4;0;0;0;0;0;0;0;0;0;0;0;0;0;0;0;0;38;4
20413;SAO JOAO DA BOA VISTA;530;ESPIRITO SANTO DO PINHAL;2;6;460000;CEL JTO A EE LEME CARDEAL;0;74;0;25;0;0;0;99;0;0;0;0;0;0;0;0;0;0;0;0;0;0;0;0;0;4;0;1;0;0;0;5;0;0;0;0;0;0;0;0;0;0;0;0;0;0;0;0;99;5
20413;SAO JOAO DA BOA VISTA;680;TAMBAU;2;6;460205;CEL JTO A EE DONIZETTI TAVARES DE LIMA PE;0;19;0;33;0;0;0;52;0;0;0;0;0;0;0;0;0;0;0;0;0;0;0;0;0;2;0;1;0;0;0;3;0;0;0;0;0;0;0;0;0;0;0;0;0;0;0;0;52;3
20415;SUMARE;671;SUMARE;2;6;985727;CEL JTO A EE JAYME DE BARROS CAMARA DOM;0;489;0;0;0;0;0;489;0;0;0;0;0;0;0;0;0;183;0;39;0;0;0;222;0;22;0;0;0;0;0;22;0;0;0;0;0;0;0;0;0;6;0;2;0;0;0;8;711;30
20415;SUMARE;748;HORTOLANDIA;2;6;459112;CEL JTO A EE LIOMAR FREITAS CAMARA PROFA;0;221;0;46;0;0;0;267;0;0;0;0;0;0;0;0;0;112;0;36;0;0;0;148;0;11;0;3;0;0;0;14;0;0;0;0;0;0;0;0;0;4;0;2;0;0;0;6;415;20
20419;CAPIVARI;253;CAPIVARI;2;6;458582;CEL JTO A EE FABIANO JOSE MOREIRA CAMARGO PADRE;0;56;0;75;0;0;0;131;0;0;0;0;0;0;0;0;0;0;0;0;0;0;0;0;0;4;0;3;0;0;0;7;0;0;0;0;0;0;0;0;0;0;0;0;0;0;0;0;131;7
20419;CAPIVARI;588;RIO DAS PEDRAS;2;6;458612;CEL JTO A EE MARIA JOSE DE AGUIAR ZEPPELINI PROFA;0;60;0;0;0;0;0;60;0;0;0;0;0;0;0;0;0;0;0;0;0;0;0;0;0;3;0;0;0;0;0;3;0;0;0;0;0;0;0;0;0;0;0;0;0;0;0;0;60;3
20502;BARRETOS;204;BARRETOS;2;6;433559;CEL JTO A EE ANTONIO OLYMPIO DOUTOR;0;0;0;0;0;22;0;22;0;0;0;0;0;0;0;0;0;0;0;0;0;0;0;0;0;0;0;0;0;1;0;1;0;0;0;0;0;0;0;0;0;0;0;0;0;0;0;0;22;1
20504;FRANCA;280;CRISTAIS PAULISTA;2;6;6271;CEL JTO A EE JOAO DE FARIA;0;197;0;24;0;0;0;221;0;0;0;0;0;0;0;0;0;0;0;0;0;0;0;0;0;8;0;1;0;0;0;9;0;0;0;0;0;0;0;0;0;0;0;0;0;0;0;0;221;9
20504;FRANCA;310;FRANCA;2;6;458831;CEL JTO A EE SUDARIO FERREIRA;0;222;0;32;0;0;0;254;0;0;0;0;0;0;0;0;0;0;0;0;0;0;0;0;0;11;0;1;0;0;0;12;0;0;0;0;0;0;0;0;0;0;0;0;0;0;0;0;254;12
20504;FRANCA;310;FRANCA;2;6;499500;CEL JTO A EE ANA MARIA JUNQUEIRA;0;46;0;0;0;30;0;76;0;0;0;0;0;0;0;0;0;143;0;35;0;0;0;178;0;5;0;0;0;1;0;6;0;0;0;0;0;0;0;0;0;5;0;1;0;0;0;6;254;12
20504;FRANCA;385;ITIRAPUA;2;6;458892;CEL JTO A EE HENRIQUE LESPINASSE PROF;0;61;0;0;0;0;0;61;0;0;0;0;0;0;0;0;0;0;0;0;0;0;0;0;0;4;0;0;0;0;0;4;0;0;0;0;0;0;0;0;0;0;0;0;0;0;0;0;61;4
20506;JABOTICABAL;210;BEBEDOURO;2;6;433548;CEL JTO A EE PARAISO CAVALCANTI DOUTOR;0;86;0;48;0;0;0;134;0;0;0;0;0;0;0;0;0;0;0;0;0;0;0;0;0;4;0;2;0;0;0;6;0;0;0;0;0;0;0;0;0;0;0;0;0;0;0;0;134;6
20506;JABOTICABAL;461;MONTE ALTO;2;6;459574;CEL JTO A EE LUIZ ZACHARIAS DE LIMA DR;0;13;0;0;0;0;24;37;0;0;0;0;0;0;0;0;0;0;0;0;0;0;0;0;0;1;0;0;0;0;1;2;0;0;0;0;0;0;0;0;0;0;0;0;0;0;0;0;37;2
20507;RIBEIRAO PRETO;582;RIBEIRAO PRETO;2;6;460461;CEL JTO A EE WALTER FERREIRA PROF;0;57;0;29;0;0;0;86;0;0;0;0;0;0;0;0;0;0;0;0;0;0;0;0;0;3;0;1;0;0;0;4;0;0;0;0;0;0;0;0;0;0;0;0;0;0;0;0;86;4
20511;TAQUARITINGA;375;ITAPOLIS;2;6;985338;CEL JTO A EE ANTONIO MORAES BARROS DR;0;59;0;33;37;0;0;129;0;0;0;0;0;0;0;0;0;0;0;0;0;0;0;0;0;3;0;1;2;0;0;6;0;0;0;0;0;0;0;0;0;0;0;0;0;0;0;0;129;6
20512;SERTAOZINHO;294;DUMONT;2;6;459264;CEL JTO A EE NESTOR GOMES DE ARAUJO PROF;0;41;0;0;0;0;0;41;0;0;0;0;0;0;0;0;0;0;0;0;0;0;0;0;0;3;0;0;0;0;0;3;0;0;0;0;0;0;0;0;0;0;0;0;0;0;0;0;41;3
20604;LINS;419;LINS;2;6;449106;CEL JTO A EE FERNANDO COSTA;0;82;17;27;0;0;0;126;0;0;0;0;0;0;0;0;0;69;16;34;0;0;0;119;0;5;2;1;0;0;0;8;0;0;0;0;0;0;0;0;0;3;1;1;0;0;0;5;245;13
20702;FERNANDOPOLIS;791;OUROESTE;2;6;458806;CEL JTO A EE SANSARA SINGH FILHO PROF;0;96;0;0;0;0;0;96;0;0;0;0;0;0;0;0;0;0;0;0;0;0;0;0;0;5;0;0;0;0;0;5;0;0;0;0;0;0;0;0;0;0;0;0;0;0;0;0;96;5
20703;JALES;396;JALES;2;6;985715;CEL JTO A EE DOM ARTUR HORSTHUIS;0;127;17;34;32;0;0;210;0;0;0;0;0;0;0;0;0;121;17;35;13;0;0;186;0;10;1;1;3;0;0;15;0;0;0;0;0;0;0;0;0;4;1;1;1;0;0;7;396;22
20704;JOSE BONIFACIO;405;JOSE BONIFACIO;2;6;985363;CEL JTO A EE SEVERINO REINO;0;261;0;76;0;0;0;337;0;0;0;0;0;0;0;0;0;0;0;0;0;0;0;0;0;13;0;3;0;0;0;16;0;0;0;0;0;0;0;0;0;0;0;0;0;0;0;0;337;16
20710;SAO JOSE DO RIO PRETO;647;SAO JOSE DO RIO PRETO;2;6;985405;CEL JTO A EE MONSENHOR GONCALVES;0;341;95;90;64;0;0;590;0;0;0;0;0;0;0;0;0;192;17;31;10;0;0;250;0;17;6;3;3;0;0;29;0;0;0;0;0;0;0;0;0;6;1;1;1;0;0;9;840;38
20904;PRESIDENTE PRUDENTE;440;MARTINOPOLIS;2;6;460485;CEL JTO A EE JOAO GOMES MARTINS CORONEL;0;9;0;0;0;0;0;9;0;0;0;0;0;0;0;0;0;0;0;0;0;0;0;0;0;1;0;0;0;0;0;1;0;0;0;0;0;0;0;0;0;0;0;0;0;0;0;0;9;1
20908;SANTO ANASTACIO;625;SANTO ANASTACIO;2;6;4989;CEL JTO A EE PROFA ALICE MACIEL SANCHES;0;4;0;0;0;0;0;4;0;0;0;0;0;0;0;0;0;0;0;0;0;0;0;0;0;1;0;0;0;0;0;1;0;0;0;0;0;0;0;0;0;0;0;0;0;0;0;0;4;1
20909;MIRANTE DO PARANAPANEMA;690;TEODORO SAMPAIO;2;6;459948;CEL JTO A EE ARTHUR RIBEIRO;0;40;0;0;0;0;0;40;0;0;0;32;0;0;0;32;0;0;0;24;0;0;0;24;0;2;0;0;0;0;0;2;0;0;0;1;0;0;0;1;0;0;0;1;0;0;0;1;96;4
21001;ASSIS;501;PALMITAL;2;6;341010;CEL JTO A EE ADALGISA CAVEZZALE DE CAMPOS PROFA;5;110;0;0;38;0;0;153;0;0;0;0;0;0;0;0;6;23;37;0;19;0;0;85;1;4;0;0;1;0;0;6;0;0;0;0;0;0;0;0;1;1;1;0;1;0;0;4;238;10
21003;MARILIA;438;MARILIA;2;6;985508;CEL JTO A EE MONSENHOR BICUDO;0;106;0;24;12;48;0;190;0;0;0;0;0;0;0;0;0;0;0;0;0;0;0;0;0;7;0;3;3;3;0;16;0;0;0;0;0;0;0;0;0;0;0;0;0;0;0;0;190;16
21101;MIRACATU;448;MIRACATU;2;6;459781;CEL JTO A EE ARMANDO GONCALVES PROF;0;250;0;27;0;0;0;277;0;0;0;0;0;0;0;0;0;0;0;0;0;0;0;0;0;7;0;1;0;0;0;8;0;0;0;0;0;0;0;0;0;0;0;0;0;0;0;0;277;8
20310;VOTORANTIM;602;SALTO DE PIRAPORA;2;6;458855;CEL JTO A EE BENEDICTO RODRIGUES PROF;0;174;0;46;0;0;0;220;0;0;0;0;0;0;0;0;0;0;0;0;0;0;0;0;0;9;0;2;0;0;0;11;0;0;0;0;0;0;0;0;0;0;0;0;0;0;0;0;220;11
20403;BRAGANCA PAULISTA;190;ATIBAIA;2;6;458326;CEL JTO A EE FRANCISCO DE AGUIAR PECANHA;0;36;0;9;0;0;0;45;0;0;0;0;0;0;0;0;0;0;0;0;0;0;0;0;0;3;0;1;0;0;0;4;0;0;0;0;0;0;0;0;0;0;0;0;0;0;0;0;45;4
20413;SAO JOAO DA BOA VISTA;453;MOCOCA;2;6;460011;CEL JTO A EE JUSTINO GOMES DE CASTRO MAESTRO;0;55;0;0;0;0;0;55;0;0;0;0;0;0;0;0;0;0;0;0;0;0;0;0;0;3;0;0;0;0;0;3;0;0;0;0;0;0;0;0;0;0;0;0;0;0;0;0;55;3
20415;SUMARE;748;HORTOLANDIA;2;6;446828;CEL JTO A EE HEDY MADALENA BOCCHI PROFESSORA;0;114;0;37;0;0;0;151;0;0;0;0;0;0;0;0;0;0;0;0;0;0;0;0;0;6;0;2;0;0;0;8;0;0;0;0;0;0;0;0;0;0;0;0;0;0;0;0;151;8
20501;ARARAQUARA;166;AMERICO BRASILIENSE;2;6;458173;CEL JTO A EE DINORA MARCONDES GOMES PROFA;0;76;0;48;0;0;0;124;0;0;0;0;0;0;0;0;0;0;0;0;0;0;0;0;0;6;0;2;0;0;0;8;0;0;0;0;0;0;0;0;0;0;0;0;0;0;0;0;124;8
20501;ARARAQUARA;181;ARARAQUARA;2;6;462020;CEL JTO A MARIA ISABEL RODRIGUES ORSO PROFA;4;91;0;33;82;0;0;210;0;0;0;0;0;0;0;0;9;66;16;32;0;0;0;123;1;7;0;1;6;0;0;15;0;0;0;0;0;0;0;0;1;3;1;1;0;0;0;6;333;21
20502;BARRETOS;322;GUAIRA;2;6;458193;CEL JTO A EE ENOCH GARCIA LEAL;0;94;0;0;0;0;0;94;0;0;0;0;0;0;0;0;0;0;0;0;0;0;0;0;0;5;0;0;0;0;0;5;0;0;0;0;0;0;0;0;0;0;0;0;0;0;0;0;94;5
20502;BARRETOS;487;OLIMPIA;2;6;433561;CEL JTO A EE ANTONIO AUGUSTO REIS NEVES DOUTOR;0;329;61;53;64;0;0;507;0;0;0;0;0;0;0;0;0;0;0;0;0;0;0;0;0;15;3;2;3;0;0;23;0;0;0;0;0;0;0;0;0;0;0;0;0;0;0;0;507;23
20504;FRANCA;310;FRANCA;2;6;458958;CEL JTO A EE PROFA MARIA CINTRA NUNES ROCHA  DONA BRANCA;0;34;0;0;0;0;0;34;0;0;0;0;0;0;0;0;0;29;0;0;0;0;0;29;0;2;0;0;0;0;0;2;0;0;0;0;0;0;0;0;0;2;0;0;0;0;0;2;63;4
20504;FRANCA;310;FRANCA;2;6;985818;CEL JTO A EE TORQUATO CALEIRO;0;276;55;73;11;31;0;446;0;0;0;0;0;0;0;0;0;435;0;39;18;0;0;492;0;14;3;3;1;1;0;22;0;0;0;0;0;0;0;0;0;14;0;2;1;0;0;17;938;39
20506;JABOTICABAL;334;GUARIBA;2;6;459562;CEL JTO A EE JOSE PACIFICO;0;104;0;23;0;0;0;127;0;0;0;0;0;0;0;0;0;0;0;0;0;0;0;0;0;4;0;1;0;0;0;5;0;0;0;0;0;0;0;0;0;0;0;0;0;0;0;0;127;5
20509;SAO CARLOS;341;IBATE;2;6;460266;CEL JTO A EE EDESIO CASTANHO;0;6;0;0;0;0;0;6;0;0;0;0;0;0;0;0;0;0;0;0;0;0;0;0;0;1;0;0;0;0;0;1;0;0;0;0;0;0;0;0;0;0;0;0;0;0;0;0;6;1
20511;TAQUARITINGA;344;IBITINGA;2;6;459100;CEL JTO A EE IRACEMA DE OLIVEIRA CARLOS;0;135;0;57;39;0;0;231;0;0;0;0;0;0;0;0;0;83;0;19;28;0;0;130;0;6;0;3;2;0;0;11;0;0;0;0;0;0;0;0;0;3;0;1;1;0;0;5;361;16
20511;TAQUARITINGA;684;TAQUARITINGA;2;6;985545;CEL JTO A EE CARMELA MORANO PREVIDELLI PROFA;0;0;0;0;0;0;0;0;0;0;0;0;0;0;0;0;0;199;0;51;0;0;0;250;0;0;0;0;0;0;0;0;0;0;0;0;0;0;0;0;0;7;0;2;0;0;0;9;250;9
20512;SERTAOZINHO;550;PONTAL;2;6;459173;CEL JTO A EE JOSEPHA CASTRO PROFA;0;0;0;0;0;0;0;0;0;0;0;0;0;0;0;0;0;44;0;0;0;0;0;44;0;0;0;0;0;0;0;0;0;0;0;0;0;0;0;0;0;2;0;0;0;0;0;2;44;2
20602;JAU;348;IGARACU DO TIETE;2;6;985831;CEL JTO A EE JOSE CONTI;0;15;0;0;0;0;0;15;0;0;0;0;0;0;0;0;0;119;0;0;0;0;0;119;0;1;0;0;0;0;0;1;0;0;0;0;0;0;0;0;0;4;0;0;0;0;0;4;134;5
20701;CATANDUVA;483;NOVO HORIZONTE;2;6;458788;CEL JTO A EE MARIO FLORENCE PROFESSOR;0;0;0;0;0;0;0;0;0;0;0;0;0;0;0;0;0;0;0;27;0;0;0;27;0;0;0;0;0;0;0;0;0;0;0;0;0;0;0;0;0;0;0;1;0;0;0;1;27;1
20704;JOSE BONIFACIO;451;MIRASSOL;2;6;985375;CEL JTO A EE GENARO DOMARCO;0;188;0;56;67;0;0;311;0;0;0;0;0;0;0;0;0;0;0;0;0;0;0;0;0;8;0;2;4;0;0;14;0;0;0;0;0;0;0;0;0;0;0;0;0;0;0;0;311;14
20711;VOTUPORANGA;718;VOTUPORANGA;2;6;985739;CEL JTO A EE JOSE MANOEL LOBO DR;0;99;50;64;0;0;0;213;0;0;0;0;0;0;0;0;0;81;0;58;0;0;0;139;0;4;2;2;0;0;0;8;0;0;0;0;0;0;0;0;0;3;0;2;0;0;0;5;352;13
20802;ARACATUBA;177;ARACATUBA;2;6;985417;CEL JTO A EE MANOEL BENTO DA CRUZ;0;338;46;106;11;0;0;501;0;0;0;0;0;0;0;0;0;0;0;0;0;0;0;0;0;17;4;5;1;0;0;27;0;0;0;0;0;0;0;0;0;0;0;0;0;0;0;0;501;27
20804;PENAPOLIS;521;PENAPOLIS;2;6;460242;CEL JTO A EE ADELINO PETERS;0;202;0;60;0;113;0;375;0;0;0;0;0;0;0;0;0;0;0;0;0;0;0;0;0;10;0;2;0;5;0;17;0;0;0;0;0;0;0;0;0;0;0;0;0;0;0;0;375;17
20901;ADAMANTINA;494;OSVALDO CRUZ;2;6;985430;CEL JTO A EE OSVALDO MARTINS;0;39;0;7;0;0;0;46;0;0;0;0;0;0;0;0;0;0;0;0;0;0;0;0;0;3;0;1;0;0;0;4;0;0;0;0;0;0;0;0;0;0;0;0;0;0;0;0;46;4
20904;PRESIDENTE PRUDENTE;562;PRESIDENTE PRUDENTE;2;6;985442;CEL JTO A EE MONSENHOR SARRION;0;187;25;24;0;17;0;253;0;0;0;0;0;0;0;0;0;91;20;0;12;13;0;136;0;9;2;1;0;1;0;13;0;0;0;0;0;0;0;0;0;3;1;0;1;1;0;6;389;19
20909;MIRANTE DO PARANAPANEMA;450;MIRANTE DO PARANAPANEMA;2;6;459859;CEL JTO A EE JOSE QUIRINO CAVALCANTE;0;101;0;31;0;0;0;132;0;0;0;0;0;0;0;0;0;0;0;0;0;0;0;0;0;6;0;1;0;0;0;7;0;0;0;0;0;0;0;0;0;0;0;0;0;0;0;0;132;7
21001;ASSIS;189;ASSIS;2;6;428760;CEL JTO A EE PROF CARLOS ALBERTO DE OLIVEIRA;22;267;21;35;35;34;0;414;0;0;0;0;0;0;0;0;5;142;33;43;39;37;0;299;1;14;2;2;2;2;0;23;0;0;0;0;0;0;0;0;1;6;1;2;2;1;0;13;713;36
21001;ASSIS;436;MARACAI;2;6;985485;CEL JTO A EE MARIA APARECIDA GALHARINI DOS SANTOS PROFA;0;63;0;0;0;0;0;63;0;0;0;0;0;0;0;0;0;0;0;0;0;0;0;0;0;3;0;0;0;0;0;3;0;0;0;0;0;0;0;0;0;0;0;0;0;0;0;0;63;3
21006;TUPA;697;TUPA;2;6;985512;CEL JTO A EE INDIA VANUIRE;0;25;0;0;61;0;0;86;0;0;0;0;0;0;0;0;0;0;0;0;8;0;0;8;0;3;0;0;4;0;0;7;0;0;0;0;0;0;0;0;0;0;0;0;1;0;0;1;94;8
20410;PIRACICABA;535;PIRACICABA;2;6;460357;CEL JTO A EE ELIAS DE MELLO AYRES PROFESSOR;0;210;0;92;0;0;0;302;0;0;0;0;0;0;0;0;0;0;0;0;0;0;0;0;0;10;0;4;0;0;0;14;0;0;0;0;0;0;0;0;0;0;0;0;0;0;0;0;302;14
20411;PIRASSUNUNGA;182;ARARAS;2;6;460424;CEL JTO A EE IGNACIO ZURITA JUNIOR;0;41;0;0;0;0;0;41;0;0;0;0;0;0;0;0;0;0;0;0;0;0;0;0;0;2;0;0;0;0;0;2;0;0;0;0;0;0;0;0;0;0;0;0;0;0;0;0;41;2
20413;SAO JOAO DA BOA VISTA;152;AGUAI;2;6;459902;CEL JTO A EE GERALDO LOURENCO PADRE;0;80;0;29;0;0;0;109;0;0;0;0;0;0;0;0;0;0;0;0;0;0;0;0;0;5;0;1;0;0;0;6;0;0;0;0;0;0;0;0;0;0;0;0;0;0;0;0;109;6
20413;SAO JOAO DA BOA VISTA;646;SAO JOSE DO RIO PARDO;2;6;460148;CEL JTO A EE EUCLIDES DA CUNHA;0;1;0;0;0;0;0;1;0;0;0;0;0;0;0;0;0;0;0;0;0;0;0;0;0;1;0;0;0;0;0;1;0;0;0;0;0;0;0;0;0;0;0;0;0;0;0;0;1;1
20413;SAO JOAO DA BOA VISTA;711;VARGEM GRANDE DO SUL;2;6;459872;CEL JTO A EE BENJAMIN BASTOS;0;99;0;28;0;0;0;127;0;0;0;0;0;0;0;0;0;0;0;0;0;0;0;0;0;4;0;1;0;0;0;5;0;0;0;0;0;0;0;0;0;0;0;0;0;0;0;0;127;5
20415;SUMARE;513;PAULINIA;2;6;459124;CEL JTO A EE PORPHYRIO DA PAZ GENERAL;0;147;0;0;0;0;0;147;0;0;0;0;0;0;0;0;0;0;0;0;0;0;0;0;0;6;0;0;0;0;0;6;0;0;0;0;0;0;0;0;0;0;0;0;0;0;0;0;147;6
20419;CAPIVARI;353;INDAIATUBA;2;6;458703;CEL JTO A EE JARDIM MORADA DO SOL;0;86;0;0;0;0;0;86;0;0;0;0;0;0;0;0;0;0;0;0;0;0;0;0;0;5;0;0;0;0;0;5;0;0;0;0;0;0;0;0;0;0;0;0;0;0;0;0;86;5
20501;ARARAQUARA;181;ARARAQUARA;2;6;985314;CEL JTO A EE JOAO MANOEL DO AMARAL;12;417;33;129;15;0;0;606;0;0;0;0;0;0;0;0;0;0;0;0;0;0;0;0;1;21;2;5;2;0;0;31;0;0;0;0;0;0;0;0;0;0;0;0;0;0;0;0;606;31
20501;ARARAQUARA;441;MATAO;2;6;447341;CEL JTO A EE HENRIQUE MORATO PROF;0;274;21;112;44;0;0;451;0;0;0;0;0;0;0;0;0;0;0;0;0;0;0;0;0;16;4;4;3;0;0;27;0;0;0;0;0;0;0;0;0;0;0;0;0;0;0;0;451;27
20504;FRANCA;310;FRANCA;2;6;498981;CEL JTO A EE PROF HELIO PALERMO;0;152;0;9;0;75;0;236;0;0;0;0;0;0;0;0;0;56;0;20;0;0;0;76;0;8;0;1;0;3;0;12;0;0;0;0;0;0;0;0;0;2;0;1;0;0;0;3;312;15
20504;FRANCA;310;FRANCA;2;6;499511;CEL JTO A EE PEDRO NUNES DA ROCHA PROF;0;14;14;18;0;0;0;46;0;0;0;0;0;0;0;0;0;186;0;31;0;0;0;217;0;1;2;1;0;0;0;4;0;0;0;0;0;0;0;0;0;9;0;1;0;0;0;10;263;14
20509;SAO CARLOS;637;SAO CARLOS;2;6;457711;CEL JTO A EE ALVARO GUIAO DOUTOR;50;181;45;86;19;0;0;381;0;0;0;0;0;0;0;0;22;116;6;34;47;0;0;225;4;10;3;3;2;0;0;22;0;0;0;0;0;0;0;0;2;5;1;1;2;0;0;11;606;33
20510;SAO JOAQUIM DA BARRA;642;SAO JOAQUIM DA BARRA;2;6;459720;CEL JTO A EE MANOEL GOUVEIA DE LIMA;0;55;0;0;0;0;0;55;0;0;0;0;0;0;0;0;0;0;0;0;0;0;0;0;0;4;0;0;0;0;0;4;0;0;0;0;0;0;0;0;0;0;0;0;0;0;0;0;55;4
20601;BAURU;209;BAURU;2;6;985582;CEL JTO A EE CHRISTINO CABRAL PROF;0;136;0;50;0;90;0;276;0;0;0;0;0;0;0;0;0;0;0;0;0;0;0;0;0;11;0;2;0;4;0;17;0;0;0;0;0;0;0;0;0;0;0;0;0;0;0;0;276;17
20601;BAURU;416;LENCOIS PAULISTA;2;6;458211;CEL JTO A EE VIRGILIO CAPOANI;0;250;0;46;0;0;0;296;0;0;0;0;0;0;0;0;0;0;0;0;0;0;0;0;0;15;0;4;0;0;0;19;0;0;0;0;0;0;0;0;0;0;0;0;0;0;0;0;296;19
20602;JAU;289;DOIS CORREGOS;2;6;459598;CEL JTO A EE JOSE ALVES MIRA;0;61;26;22;0;0;0;109;0;0;0;0;0;0;0;0;0;121;0;32;0;0;0;153;0;2;1;1;0;0;0;4;0;0;0;0;0;0;0;0;0;4;0;1;0;0;0;5;262;9
20602;JAU;401;JAU;2;6;985348;CEL JTO A EE MAJOR PRADO;0;268;87;71;0;0;0;426;0;0;0;0;0;0;0;0;0;112;0;73;0;0;0;185;0;14;5;2;0;0;0;21;0;0;0;0;0;0;0;0;0;4;0;2;0;0;0;6;611;27
20701;CATANDUVA;260;CATANDUVA;2;6;363613;CEL JTO A EE BARAO DO RIO BRANCO;0;107;42;59;29;0;19;256;0;0;0;0;0;0;0;0;0;150;0;31;8;0;9;198;0;6;2;2;1;0;1;12;0;0;0;0;0;0;0;0;0;6;0;1;1;0;1;9;454;21
20702;FERNANDOPOLIS;304;FERNANDOPOLIS;2;6;985824;CEL JTO A EE JOAQUIM ANTONIO PEREIRA;0;225;32;102;21;0;0;380;0;0;0;0;0;0;0;0;0;123;24;22;0;0;0;169;0;10;1;3;1;0;0;15;0;0;0;0;0;0;0;0;0;5;1;1;0;0;0;7;549;22
20703;JALES;614;SANTA FE DO SUL;2;6;985806;CEL JTO A EE ITAEL DE MATOS PROFESSOR;0;236;43;58;7;0;0;344;0;0;0;0;0;0;0;0;0;145;5;67;0;0;0;217;0;12;2;2;1;0;0;17;0;0;0;0;0;0;0;0;0;6;1;2;0;0;0;9;561;26
20710;SAO JOSE DO RIO PRETO;478;NOVA GRANADA;2;6;985399;CEL JTO A EE FRANCISCO MARQUES PINTO;0;58;23;34;0;0;0;115;0;0;0;0;0;0;0;0;0;152;0;34;25;0;0;211;0;2;1;1;0;0;0;4;0;0;0;0;0;0;0;0;0;6;0;1;1;0;0;8;326;12
20803;BIRIGUI;214;BIRIGUI;2;6;433640;CEL JTO A EE STELIO MACHADO LOUREIRO PROFESSOR;0;337;0;47;0;0;0;384;0;0;0;0;0;0;0;0;0;0;0;0;0;0;0;0;0;15;0;3;0;0;0;18;0;0;0;0;0;0;0;0;0;0;0;0;0;0;0;0;384;18
20901;ADAMANTINA;150;ADAMANTINA;2;6;985429;CEL JTO A EE FLEURIDES CAVALINI MENECHINO PROFA;0;12;0;0;0;0;0;12;0;0;0;0;0;0;0;0;0;0;0;0;0;0;0;0;0;2;0;0;0;0;0;2;0;0;0;0;0;0;0;0;0;0;0;0;0;0;0;0;12;2
20901;ADAMANTINA;292;DRACENA;2;6;458090;CEL JTO A EE ENGENHEIRO ISAC PEREIRA GARCEZ;0;15;0;14;0;0;0;29;0;0;0;0;0;0;0;0;0;0;0;0;0;0;0;0;0;2;0;1;0;0;0;3;0;0;0;0;0;0;0;0;0;0;0;0;0;0;0;0;29;3
20901;ADAMANTINA;408;JUNQUEIROPOLIS;2;6;458119;CEL JTO A EE IDENE RODRIGUES DOS SANTOS PROF;0;159;0;35;0;0;0;194;0;0;0;0;0;0;0;0;0;0;0;0;0;0;0;0;0;6;0;2;0;0;0;8;0;0;0;0;0;0;0;0;0;0;0;0;0;0;0;0;194;8
21001;ASSIS;503;PARAGUACU PAULISTA;2;6;985521;CEL JTO A EE DIVA FIGUEIREDO DA SILVEIRA;0;9;0;0;0;0;0;9;0;0;0;0;0;0;0;0;0;0;0;0;0;0;0;0;0;1;0;0;0;0;0;1;0;0;0;0;0;0;0;0;0;0;0;0;0;0;0;0;9;1
21003;MARILIA;315;GARCA;2;6;985491;CEL JTO A EE PROFA LYDIA YVONE GOMES MARQUES;0;0;0;0;0;0;0;0;0;0;0;0;0;0;0;0;0;36;29;30;0;0;0;95;0;0;0;0;0;0;0;0;0;0;0;0;0;0;0;0;0;2;1;1;0;0;0;4;95;4
21003;MARILIA;548;POMPEIA;2;6;459768;CEL JTO A EE CULTURA E LIBERDADE;0;92;0;0;0;9;0;101;0;0;0;0;0;0;0;0;0;0;0;0;0;0;0;0;0;8;0;0;0;2;0;10;0;0;0;0;0;0;0;0;0;0;0;0;0;0;0;0;101;10
21004;OURINHOS;495;OURINHOS;2;6;363625;CEL JTO A EE DOMINGOS CAMERLINGO CALO;0;16;0;0;0;0;0;16;0;0;0;0;0;0;0;0;0;133;0;32;0;0;0;165;0;1;0;0;0;0;0;1;0;0;0;0;0;0;0;0;0;7;0;1;0;0;0;8;181;9
21004;OURINHOS;612;SANTA CRUZ DO RIO PARDO;2;6;460230;CEL JTO A EE LEONIDAS DO AMARAL VIEIRA;0;0;0;0;0;0;0;0;0;0;0;0;0;0;0;0;0;78;0;65;0;0;0;143;0;0;0;0;0;0;0;0;0;0;0;0;0;0;0;0;0;5;0;2;0;0;0;7;143;7
21102;REGISTRO;574;REGISTRO;2;6;985533;CEL JTO A EE FABIO BARRETO DOUTOR;0;289;0;89;0;66;0;444;0;0;0;0;0;0;0;0;0;0;0;0;0;0;0;0;0;14;0;4;0;4;0;22;0;0;0;0;0;0;0;0;0;0;0;0;0;0;0;0;444;22
