CDREDE;DE;CODMUN;MUN;CATEG;TIPOESC;COD_ESC;NOMESC;AL_ALEMAO_DU;AL_ESPANHOL_DU;AL_FRANCES_DU;AL_INGLES_DU;AL_ITALIANO_DU;AL_JAPONES_DU;AL_MANDARIM_DU;TOTAL_AL_DU;AL_ALEMAO_SAB_SEMANA;AL_ESPANHOL_SAB_SEMANA;AL_FRANCES_SAB_SEMANA;AL_INGLES_SAB_SEMANA;AL_ITALIANO_SAB_SEMANA;AL_JAPONES_SAB_SEMANA;AL_MANDARIM_SAB_SEMANA;TOTAL_AL_SAB_SEMANA;AL_ALEMAO_SAB;AL_ESPANHOL_SAB;AL_FRANCES_SAB;AL_INGLES_SAB;AL_ITALIANO_SAB;AL_JAPONES_SAB;AL_MANDARIM_SAB;TOTAL_AL_SAB;CL_ALEMAO_DU;CL_ESPANHOL_DU;CL_FRANCES_DU;CL_INGLES_DU;CL_ITALIANO_DU;CL_JAPONES_DU;CL_MANDARIM_DU;TOTAL_CL_DU;CL_ALEMAO_SAB_SEMANA;CL_ESPANHOL_SAB_SEMANA;CL_FRANCES_SAB_SEMANA;CL_INGLES_SAB_SEMANA;CL_ITALIANO_SAB_SEMANA;CL_JAPONES_SAB_SEMANA;CL_MANDARIM_SAB_SEMANA;TOTAL_CL_SAB_SEMANA;CL_ALEMAO_SAB;CL_ESPANHOL_SAB;CL_FRANCES_SAB;CL_INGLES_SAB;CL_ITALIANO_SAB;CL_JAPONES_SAB;CL_MANDARIM_SAB;TOTAL_CL_SAB;TOTAL_TOTAL_AL;TOTAL_TOTAL_CL
10102;CENTRO;100;SAO PAULO;2;6;985107;CEL JTO A EE MAURO DE OLIVEIRA PROFESSOR;0;112;76;71;0;0;0;259;0;0;0;0;0;0;0;0;0;0;0;0;0;0;0;0;0;6;4;4;0;0;0;14;0;0;0;0;0;0;0;0;0;0;0;0;0;0;0;0;259;14
10104;NORTE 2;100;SAO PAULO;2;6;458338;CEL JTO A EE GUSTAVO BARROSO;0;4;0;0;0;0;0;4;0;0;0;0;0;0;0;0;0;0;0;0;0;0;0;0;0;1;0;0;0;0;0;1;0;0;0;0;0;0;0;0;0;0;0;0;0;0;0;0;4;1
10205;LESTE 5;100;SAO PAULO;2;6;5865;CEL JTO A EE LOUREIRO JUNIOR PROFESSOR;0;47;0;56;0;0;0;103;0;0;0;0;0;0;0;0;0;0;0;0;0;0;0;0;0;4;0;4;0;0;0;8;0;0;0;0;0;0;0;0;0;0;0;0;0;0;0;0;103;8
10205;LESTE 5;100;SAO PAULO;2;6;458296;CEL JTO A EE JOSE MARQUES DA CRUZ PROF;27;167;21;25;5;0;0;245;0;0;0;0;0;0;0;0;5;74;0;23;0;0;0;102;2;9;1;2;1;0;0;15;0;0;0;0;0;0;0;0;1;4;0;1;0;0;0;6;347;21
10314;SUL 2;100;SAO PAULO;2;6;985156;CEL JTO A EE LEOPOLDO SANTANA PROFESSOR;76;418;243;86;25;72;0;920;0;0;0;0;0;0;0;0;0;0;0;0;0;0;0;0;4;17;12;4;1;3;0;41;0;0;0;0;0;0;0;0;0;0;0;0;0;0;0;0;920;41
10316;CENTRO SUL;100;SAO PAULO;2;6;498634;CEL JTO A EE ROOSEVELT PRESIDENTE;0;218;77;53;0;34;0;382;0;0;0;0;0;0;0;0;0;0;0;0;0;0;0;0;0;13;5;3;0;2;0;23;0;0;0;0;0;0;0;0;0;0;0;0;0;0;0;0;382;23
10316;CENTRO SUL;100;SAO PAULO;2;6;985788;CEL JTO A EE JULIA MACEDO PANTOJA PROFESSORA;42;494;60;83;75;115;0;869;0;0;0;0;0;0;0;0;0;0;0;0;0;0;0;0;2;22;4;5;4;5;0;42;0;0;0;0;0;0;0;0;0;0;0;0;0;0;0;0;869;42
10318;SUL 3;100;SAO PAULO;2;6;29828;CEL JTO A EE LAERTE RAMOS PROF DR;0;414;0;142;0;142;0;698;0;0;0;0;0;0;0;0;0;0;0;0;0;0;0;0;0;17;0;5;0;6;0;28;0;0;0;0;0;0;0;0;0;0;0;0;0;0;0;0;698;28
10318;SUL 3;100;SAO PAULO;2;6;458399;CEL JTO A EE ALBERTO SALOTTI PROF;0;216;87;26;0;0;0;329;0;0;0;0;0;0;0;0;0;0;0;0;0;0;0;0;0;11;3;1;0;0;0;15;0;0;0;0;0;0;0;0;0;0;0;0;0;0;0;0;329;15
10318;SUL 3;100;SAO PAULO;2;6;985168;CEL JTO A EE PAULINO NUNES ESPOSO;0;182;0;32;0;0;0;214;0;0;0;0;0;0;0;0;0;79;0;17;0;0;0;96;0;9;0;2;0;0;0;11;0;0;0;0;0;0;0;0;0;3;0;1;0;0;0;4;310;15
10401;CAIEIRAS;239;CAIEIRAS;2;6;499729;CEL JTO A EE WALTHER WEISZFLOG;30;181;0;46;0;0;0;257;0;0;0;0;0;0;0;0;0;0;0;0;0;0;0;0;4;8;0;2;0;0;0;14;0;0;0;0;0;0;0;0;0;0;0;0;0;0;0;0;257;14
10401;CAIEIRAS;311;FRANCISCO MORATO;2;6;985659;CEL JTO A EE CELESTINA VALENTE LEGENFELDER;0;146;0;43;0;0;0;189;0;0;0;0;0;0;0;0;0;87;0;0;0;0;0;87;0;7;0;2;0;0;0;9;0;0;0;0;0;0;0;0;0;3;0;0;0;0;0;3;276;12
10401;CAIEIRAS;312;FRANCO DA ROCHA;2;6;499742;CEL JTO A EE BENEDITO FAGUNDES MARQUES;0;349;0;32;0;0;0;381;0;0;0;0;0;0;0;0;0;25;0;34;0;0;0;59;0;14;0;1;0;0;0;15;0;0;0;0;0;0;0;0;0;1;0;1;0;0;0;2;440;17
10402;GUARULHOS SUL;336;GUARULHOS;2;6;985673;CEL JTO A EE ALICE CHUERY PROFESSORA;0;263;154;92;0;0;0;509;0;0;0;0;0;0;0;0;0;0;0;0;0;0;0;0;0;15;8;3;0;0;0;26;0;0;0;0;0;0;0;0;0;0;0;0;0;0;0;0;509;26
10403;GUARULHOS NORTE;336;GUARULHOS;2;6;407331;CEL JTO A EE CONRADO SIVILA ALSINA PADRE;0;354;31;87;89;0;0;561;0;0;0;0;0;0;0;0;0;0;0;0;0;0;0;0;0;23;2;8;6;0;0;39;0;0;0;0;0;0;0;0;0;0;0;0;0;0;0;0;561;39
10501;MOGI DAS CRUZES;454;MOGI DAS CRUZES;2;6;985752;CEL JTO A EE FRANCISCO FERREIRA LOPES;0;707;33;231;53;41;36;1101;0;0;0;0;0;0;0;0;0;0;0;0;0;0;0;0;0;33;3;10;3;3;2;54;0;0;0;0;0;0;0;0;0;0;0;0;0;0;0;0;1101;54
10502;SUZANO;305;FERRAZ DE VASCONCELOS;2;6;496443;CEL JTO A EE PROFA IGNES CORREA ALLEN;0;14;0;0;0;0;0;14;0;0;0;0;0;0;0;0;0;0;0;0;0;0;0;0;0;2;0;0;0;0;0;2;0;0;0;0;0;0;0;0;0;0;0;0;0;0;0;0;14;2
10104;NORTE 2;100;SAO PAULO;2;6;458314;CEL JTO A EE VERIDIANA CAMACHO CARVALHO GOMES PROFA;0;150;0;0;0;0;0;150;0;0;0;0;0;0;0;0;0;0;0;0;0;0;0;0;0;7;0;0;0;0;0;7;0;0;0;0;0;0;0;0;0;0;0;0;0;0;0;0;150;7
10104;NORTE 2;100;SAO PAULO;2;6;985016;CEL JTO A EE ALBINO CESAR;3;192;0;68;0;0;0;263;0;0;0;0;0;0;0;0;0;0;0;0;0;0;0;0;1;11;0;3;0;0;0;15;0;0;0;0;0;0;0;0;0;0;0;0;0;0;0;0;263;15
10205;LESTE 5;100;SAO PAULO;2;6;985041;CEL JTO A EE JOAO DIAS DA SILVEIRA PROFESSOR;29;140;22;66;0;0;0;257;0;0;0;0;0;0;0;0;17;120;29;24;0;0;0;190;2;9;2;4;0;0;0;17;0;0;0;0;0;0;0;0;1;6;2;1;0;0;0;10;447;27
10205;LESTE 5;100;SAO PAULO;2;6;985685;CEL JTO A EE PAULO EGYDIO O CARVALHO SENADOR;0;87;12;61;0;0;0;160;0;0;0;0;0;0;0;0;18;135;64;125;0;0;0;342;0;4;1;2;0;0;0;7;0;0;0;0;0;0;0;0;1;6;3;5;0;0;0;15;502;22
10312;CENTRO OESTE;100;SAO PAULO;2;6;431850;CEL JTO A EE PEREIRA BARRETO;0;45;0;49;0;0;0;94;0;0;0;0;0;0;0;0;0;0;0;0;0;0;0;0;0;3;0;2;0;0;0;5;0;0;0;0;0;0;0;0;0;0;0;0;0;0;0;0;94;5
10317;SUL 1;100;SAO PAULO;2;6;5029;CEL JTO A EE MEXICO;0;54;0;0;0;0;0;54;0;0;0;0;0;0;0;0;0;0;0;0;0;0;0;0;0;2;0;0;0;0;0;2;0;0;0;0;0;0;0;0;0;0;0;0;0;0;0;0;54;2
10317;SUL 1;100;SAO PAULO;2;6;482341;CEL JTO A EE PLINIO NEGRAO;59;177;71;79;37;44;0;467;0;0;0;0;0;0;0;0;46;89;41;80;26;79;0;361;5;9;3;5;2;3;0;27;0;0;0;0;0;0;0;0;3;4;2;3;2;4;0;18;828;45
10401;CAIEIRAS;241;CAJAMAR;2;6;458405;CEL JTO A EE WALTER RIBAS DE ANDRADE PROF;0;0;0;51;0;0;0;51;0;0;0;0;0;0;0;0;0;27;0;47;0;0;0;74;0;0;0;2;0;0;0;2;0;0;0;0;0;0;0;0;0;2;0;2;0;0;0;4;125;6
10501;MOGI DAS CRUZES;454;MOGI DAS CRUZES;2;6;458594;CEL JTO A EE FIRMINO LADEIRA PROF;0;263;57;78;0;62;0;460;0;0;0;0;0;0;0;0;0;0;0;0;0;0;0;0;0;15;4;4;0;3;0;26;0;0;0;0;0;0;0;0;0;0;0;0;0;0;0;0;460;26
10603;SANTO ANDRE;626;SANTO ANDRE;2;6;985193;CEL JTO A EE PROF AMARAL WAGNER;0;320;136;57;0;0;0;513;0;0;0;0;0;0;0;0;0;0;0;0;0;0;0;0;0;15;7;2;0;0;0;24;0;0;0;0;0;0;0;0;0;0;0;0;0;0;0;0;513;24
10701;CARAPICUIBA;278;COTIA;2;6;985223;CEL JTO A EE PEDRO CASEMIRO LEITE PROFESSOR;25;380;62;55;41;77;0;640;0;0;0;0;0;0;0;0;20;83;0;15;18;16;0;152;2;20;6;4;3;4;0;39;0;0;0;0;0;0;0;0;1;3;0;1;1;1;0;7;792;46
10702;ITAPECERICA DA SERRA;299;EMBU-GUACU;2;6;6049;CEL JTO A EE PASCHOAL CARLOS MAGNO;0;31;0;0;0;0;0;31;0;0;0;0;0;0;0;0;0;0;0;0;0;0;0;0;0;1;0;0;0;0;0;1;0;0;0;0;0;0;0;0;0;0;0;0;0;0;0;0;31;1
10702;ITAPECERICA DA SERRA;370;ITAPECERICA DA SERRA;2;6;434848;CEL JTO A EE NATERCIA CREMM DE MORAES PEDRO PROFESSORA;0;0;0;0;0;0;0;0;0;0;0;0;0;0;0;0;0;94;0;0;0;0;0;94;0;0;0;0;0;0;0;0;0;0;0;0;0;0;0;0;0;4;0;0;0;0;0;4;94;4
10704;OSASCO;492;OSASCO;2;6;985235;CEL JTO A EE ANTONIO RAPOSO TAVARES;0;422;180;75;8;0;0;685;0;0;0;0;0;0;0;0;0;0;0;0;0;0;0;0;0;15;8;3;1;0;0;27;0;0;0;0;0;0;0;0;0;0;0;0;0;0;0;0;685;27
20103;SAO VICENTE;459;MONGAGUA;2;6;464004;CEL JTO A EE AIDA LEDA BAUER DAVIES PROFESSORA;0;37;0;0;0;0;0;37;0;0;0;0;0;0;0;0;0;0;0;0;0;0;0;0;0;4;0;0;0;0;0;4;0;0;0;0;0;0;0;0;0;0;0;0;0;0;0;0;37;4
20103;SAO VICENTE;524;PERUIBE;2;6;435740;CEL JTO A EE OTTONIEL JUNQUEIRA PROFESSOR;0;0;0;0;0;0;0;0;0;0;0;0;0;0;0;0;0;13;0;0;0;0;0;13;0;0;0;0;0;0;0;0;0;0;0;0;0;0;0;0;0;1;0;0;0;0;0;1;13;1
20103;SAO VICENTE;558;PRAIA GRANDE;2;6;435752;CEL JTO A EE REYNALDO KUNTZ BUSCH DOUTOR;0;228;48;65;0;0;0;341;0;0;0;0;0;0;0;0;0;125;21;0;0;0;0;146;0;10;2;3;0;0;0;15;0;0;0;0;0;0;0;0;0;5;1;0;0;0;0;6;487;21
10101;NORTE 1;100;SAO PAULO;2;6;985004;CEL JTO A EE ANTONIO C C GUIMARAES FILHO PROFESSOR;0;22;0;0;0;0;0;22;0;0;0;0;0;0;0;0;0;0;0;0;0;0;0;0;0;1;0;0;0;0;0;1;0;0;0;0;0;0;0;0;0;0;0;0;0;0;0;0;22;1
10102;CENTRO;100;SAO PAULO;2;6;985028;CEL JTO A EE BUENOS AIRES;36;167;95;76;0;0;0;374;0;0;0;0;0;0;0;0;0;0;0;0;0;0;0;0;2;9;6;3;0;0;0;20;0;0;0;0;0;0;0;0;0;0;0;0;0;0;0;0;374;20
10207;LESTE 1;100;SAO PAULO;2;6;985053;CEL JTO A EE NOSSA SENHORA DA PENHA;198;632;170;178;28;63;0;1269;0;0;0;0;0;0;0;0;0;0;0;0;0;0;0;0;12;30;10;7;2;4;0;65;0;0;0;0;0;0;0;0;0;0;0;0;0;0;0;0;1269;65
10207;LESTE 1;100;SAO PAULO;2;6;985065;CEL JTO A EE ERMELINO MATARAZZO;0;204;0;22;0;0;0;226;0;0;0;0;0;0;0;0;0;48;75;26;0;0;0;149;0;9;0;1;0;0;0;10;0;0;0;0;0;0;0;0;0;2;4;1;0;0;0;7;375;17
10208;LESTE 4;100;SAO PAULO;2;6;411875;CEL JTO A EE DONA ZALINA ROLIM;0;140;0;137;0;0;0;277;0;0;0;0;0;0;0;0;0;0;0;0;0;0;0;0;0;9;0;6;0;0;0;15;0;0;0;0;0;0;0;0;0;0;0;0;0;0;0;0;277;15
10210;LESTE 2;100;SAO PAULO;2;6;458272;CEL JTO A EE DOM PEDRO I;0;105;20;31;0;14;0;170;0;0;0;0;0;0;0;0;0;378;92;154;22;14;0;660;0;5;1;1;0;1;0;8;0;0;0;0;0;0;0;0;0;15;4;5;1;1;0;26;830;34
10211;LESTE 3;100;SAO PAULO;2;6;985089;CEL JTO A EE FADLO HAIDAR;57;887;199;295;95;160;0;1693;0;0;0;0;0;0;0;0;0;0;0;0;0;0;0;0;2;38;8;10;4;6;0;68;0;0;0;0;0;0;0;0;0;0;0;0;0;0;0;0;1693;68
10312;CENTRO OESTE;100;SAO PAULO;2;6;985132;CEL JTO A EE RUI BLOEM;0;227;94;123;0;44;0;488;0;0;0;0;0;0;0;0;0;57;0;19;0;27;0;103;0;12;5;6;0;2;0;25;0;0;0;0;0;0;0;0;0;3;0;1;0;1;0;5;591;30
10316;CENTRO SUL;100;SAO PAULO;2;6;985120;CEL JTO A EE ALEXANDRE DE GUSMAO;23;289;63;17;0;117;0;509;0;0;0;0;0;0;0;0;0;0;0;0;0;0;0;0;2;17;5;1;0;7;0;32;0;0;0;0;0;0;0;0;0;0;0;0;0;0;0;0;509;32
10318;SUL 3;100;SAO PAULO;2;6;458351;CEL JTO A EE ESTHER GARCIA PROFA;28;42;0;0;0;0;0;70;0;0;0;0;0;0;0;0;0;15;0;0;0;0;0;15;3;8;0;0;0;0;0;11;0;0;0;0;0;0;0;0;0;1;0;0;0;0;0;1;85;12
10502;SUZANO;672;SUZANO;2;6;985181;CEL JTO A EE RAUL BRASIL PROFESSOR;0;925;167;30;73;103;0;1298;0;0;0;0;0;0;0;0;0;0;0;0;0;0;0;0;0;46;9;1;5;6;0;67;0;0;0;0;0;0;0;0;0;0;0;0;0;0;0;0;1298;67
10503;ITAQUAQUECETUBA;379;ITAQUAQUECETUBA;2;6;458545;CEL JTO A EE ZILDA BRACONI AMADOR PROFA;0;139;0;66;0;0;0;205;0;0;0;0;0;0;0;0;0;0;0;0;0;0;0;0;0;8;0;4;0;0;0;12;0;0;0;0;0;0;0;0;0;0;0;0;0;0;0;0;205;12
10503;ITAQUAQUECETUBA;546;POA;2;6;446026;CEL JTO A EE PAULO EDUARDO OLINTHO REHDER JORNALISTA;0;177;0;82;0;0;0;259;0;0;0;0;0;0;0;0;0;0;0;0;0;0;0;0;0;9;0;3;0;0;0;12;0;0;0;0;0;0;0;0;0;0;0;0;0;0;0;0;259;12
10602;MAUA;442;MAUA;2;6;458570;CEL JTO A EE OLAVO HANSEN;0;353;0;64;0;0;0;417;0;0;0;0;0;0;0;0;0;90;0;0;0;0;0;90;0;13;0;2;0;0;0;15;0;0;0;0;0;0;0;0;0;3;0;0;0;0;0;3;507;18
10602;MAUA;581;RIBEIRAO PIRES;2;6;458557;CEL JTO A EE FELICIO LAURITO DR;0;69;0;38;0;0;0;107;0;0;0;0;0;0;0;0;0;0;0;0;0;0;0;0;0;4;0;2;0;0;0;6;0;0;0;0;0;0;0;0;0;0;0;0;0;0;0;0;107;6
10606;SAO BERNARDO DO CAMPO;635;SAO BERNARDO DO CAMPO;2;6;985200;CEL JTO A EE 20 DE AGOSTO;14;357;14;51;0;0;0;436;0;0;0;0;0;0;0;0;0;0;0;0;0;0;0;0;1;14;1;2;0;0;0;18;0;0;0;0;0;0;0;0;0;0;0;0;0;0;0;0;436;18
20102;SANTOS;335;GUARUJA;2;6;460345;CEL JTO A EE MARCILIO DIAS;0;17;0;27;11;0;0;55;0;0;0;0;0;0;0;0;0;0;0;0;0;0;0;0;0;2;0;1;1;0;0;4;0;0;0;0;0;0;0;0;0;0;0;0;0;0;0;0;55;4
10601;DIADEMA;286;DIADEMA;2;6;499161;CEL JTO A EE ORIGENES LESSA;3;103;0;31;0;0;0;137;0;0;0;0;0;0;0;0;0;21;0;0;0;0;0;21;1;5;0;2;0;0;0;8;0;0;0;0;0;0;0;0;0;1;0;0;0;0;0;1;158;9
10602;MAUA;442;MAUA;2;6;985570;CEL JTO A EE MARLENE CAMARGO RIBEIRO;0;299;0;50;0;0;0;349;0;0;0;0;0;0;0;0;0;0;0;0;0;0;0;0;0;13;0;2;0;0;0;15;0;0;0;0;0;0;0;0;0;0;0;0;0;0;0;0;349;15
10606;SAO BERNARDO DO CAMPO;636;SAO CAETANO DO SUL;2;6;985211;CEL JTO A EE IDALINA MACEDO COSTA SODRE DONA;0;147;27;75;0;26;0;275;0;0;0;0;0;0;0;0;44;91;0;64;0;58;0;257;0;6;2;3;0;1;0;12;0;0;0;0;0;0;0;0;2;3;0;2;0;2;0;9;532;21
10701;CARAPICUIBA;255;CARAPICUIBA;2;6;407410;CEL JTO A EE WILLIAN RODRIGUES REBUA;0;272;81;27;0;0;0;380;0;0;0;0;0;0;0;0;0;0;0;0;0;0;0;0;0;11;4;1;0;0;0;16;0;0;0;0;0;0;0;0;0;0;0;0;0;0;0;0;380;16
10702;ITAPECERICA DA SERRA;370;ITAPECERICA DA SERRA;2;6;985697;CEL JTO A EE ASA BRANCA DA SERRA;0;156;0;0;0;0;0;156;0;0;0;0;0;0;0;0;0;0;0;0;0;0;0;0;0;6;0;0;0;0;0;6;0;0;0;0;0;0;0;0;0;0;0;0;0;0;0;0;156;6
10704;OSASCO;492;OSASCO;2;6;458624;CEL JTO A EE JOAO BAPTISTA DE BRITO PROF;0;149;0;0;0;0;0;149;0;0;0;0;0;0;0;0;0;0;0;0;0;0;0;0;0;6;0;0;0;0;0;6;0;0;0;0;0;0;0;0;0;0;0;0;0;0;0;0;149;6
20102;SANTOS;335;GUARUJA;2;6;460370;CEL JTO A PROFA THEREZA SILVEIRA DE ALMEIDA;0;18;0;24;0;0;0;42;0;0;0;0;0;0;0;0;0;0;0;0;0;0;0;0;0;3;0;1;0;0;0;4;0;0;0;0;0;0;0;0;0;0;0;0;0;0;0;0;42;4
20103;SAO VICENTE;657;SAO VICENTE;2;6;985247;CEL JTO A EE MARTIM AFONSO;0;298;117;102;0;0;0;517;0;0;0;0;0;0;0;0;0;0;0;0;0;0;0;0;0;13;5;4;0;0;0;22;0;0;0;0;0;0;0;0;0;0;0;0;0;0;0;0;517;22
20202;GUARATINGUETA;235;CACHOEIRA PAULISTA;2;6;459161;CEL JTO A EE SEVERINO MOREIRA BARBOSA;0;0;0;0;0;0;0;0;0;0;0;0;0;0;0;0;0;13;0;0;0;0;0;13;0;0;0;0;0;0;0;0;0;0;0;0;0;0;0;0;0;1;0;0;0;0;0;1;13;1
20202;GUARATINGUETA;282;CRUZEIRO;2;6;985260;CEL JTO A EE OSVALDO CRUZ;0;0;0;0;0;0;0;0;0;0;0;0;0;0;0;0;0;0;0;30;0;0;0;30;0;0;0;0;0;0;0;0;0;0;0;0;0;0;0;0;0;0;0;1;0;0;0;1;30;1
20204;PINDAMONHANGABA;528;PINDAMONHANGABA;2;6;474770;CEL JTO A EE ANTONIA CARLOTA GOMES PROFESSORA;0;72;0;10;0;0;0;82;0;0;0;0;0;0;0;0;0;0;0;0;0;0;0;0;0;5;0;1;0;0;0;6;0;0;0;0;0;0;0;0;0;0;0;0;0;0;0;0;82;6
20301;APIAI;176;APIAI;2;6;458168;CEL JTO A EE REGINA DIAS ANTUNES DA SILVA PROFA;0;45;0;0;0;0;0;45;0;0;0;0;0;0;0;0;0;0;0;0;0;0;0;0;0;3;0;0;0;0;0;3;0;0;0;0;0;0;0;0;0;0;0;0;0;0;0;0;45;3
20304;ITAPETININGA;687;TATUI;2;6;459288;CEL JTO A EE CHICO PEREIRA;0;44;0;101;0;0;0;145;0;0;0;0;0;0;0;0;0;0;0;0;0;0;0;0;0;3;0;4;0;0;0;7;0;0;0;0;0;0;0;0;0;0;0;0;0;0;0;0;145;7
20305;ITAPEVA;251;CAPAO BONITO;2;6;459495;CEL JTO A EE RAUL VENTURELLI DR;0;144;0;115;0;0;0;259;0;0;0;0;0;0;0;0;0;36;0;0;0;0;0;36;0;6;0;4;0;0;0;10;0;0;0;0;0;0;0;0;0;2;0;0;0;0;0;2;295;12
20306;ITU;554;PORTO FELIZ;2;6;459549;CEL JTO A EE SECKLER MONSENHOR;0;0;0;17;0;12;0;29;0;0;0;0;0;0;0;0;0;0;0;0;0;0;0;0;0;0;0;1;0;1;0;2;0;0;0;0;0;0;0;0;0;0;0;0;0;0;0;0;29;2
20310;VOTORANTIM;717;VOTORANTIM;2;6;438030;CEL JTO A EE DANIEL VERANO PROFESSOR;5;209;69;47;3;0;0;333;0;0;0;0;0;0;0;0;0;0;0;0;0;0;0;0;1;10;4;2;1;0;0;18;0;0;0;0;0;0;0;0;0;0;0;0;0;0;0;0;333;18
20311;PIRAJU;537;PIRAJU;2;6;460382;CEL JTO A EE JOAQUIM GUILHERME MOREIRA PORTO DR;0;260;27;54;0;38;0;379;0;0;0;0;0;0;0;0;0;91;16;25;0;0;0;132;0;15;2;2;0;3;0;22;0;0;0;0;0;0;0;0;0;4;1;1;0;0;0;6;511;28
20202;GUARATINGUETA;332;GUARATINGUETA;2;6;985557;CEL JTO A EE RODRIGUES ALVES CONSELHEIRO;37;206;0;98;0;0;0;341;0;0;0;0;0;0;0;0;14;262;0;99;0;0;0;375;2;9;0;3;0;0;0;14;0;0;0;0;0;0;0;0;1;10;0;3;0;0;0;14;716;28
20204;PINDAMONHANGABA;246;CAMPOS DO JORDAO;2;6;460254;CEL JTO A EE THEODORO CORREA CINTRA PROF;0;36;0;0;0;0;0;36;0;0;0;0;0;0;0;0;0;0;0;0;0;0;0;0;0;3;0;0;0;0;0;3;0;0;0;0;0;0;0;0;0;0;0;0;0;0;0;0;36;3
20205;SAO JOSE DOS CAMPOS;645;SAO JOSE DOS CAMPOS;2;6;460497;CEL JTO A EE JOSE VIEIRA MACEDO PROF;25;191;46;114;0;78;0;454;0;0;0;0;0;0;0;0;0;0;0;0;0;0;0;0;3;12;3;6;0;5;0;29;0;0;0;0;0;0;0;0;0;0;0;0;0;0;0;0;454;29
20206;TAUBATE;234;CACAPAVA;2;6;985740;CEL JTO A EE MINISTRO JOSE MOURA RESENDE;0;235;39;61;0;0;0;335;0;0;0;0;0;0;0;0;0;0;0;0;0;0;0;0;0;12;2;2;0;0;0;16;0;0;0;0;0;0;0;0;0;0;0;0;0;0;0;0;335;16
20302;AVARE;194;AVARE;2;6;985272;CEL JTO A EE JOAO CRUZ;27;279;73;125;0;0;0;504;0;0;0;0;0;0;0;0;0;48;0;0;0;0;0;48;3;18;5;4;0;0;0;30;0;0;0;0;0;0;0;0;0;2;0;0;0;0;0;2;552;32
20303;BOTUCATU;412;LARANJAL PAULISTA;2;6;458284;CEL JTO A EE LUIZ CAMPACCI;0;148;0;59;0;0;0;207;0;0;0;0;0;0;0;0;0;0;0;0;0;0;0;0;0;8;0;4;0;0;0;12;0;0;0;0;0;0;0;0;0;0;0;0;0;0;0;0;207;12
20304;ITAPETININGA;371;ITAPETININGA;2;6;444339;CEL JTO A EE PEIXOTO GOMIDE;0;170;0;74;0;0;0;244;0;0;0;0;0;0;0;0;0;0;0;0;0;0;0;0;0;12;0;4;0;0;0;16;0;0;0;0;0;0;0;0;0;0;0;0;0;0;0;0;244;16
20307;SAO ROQUE;653;SAO ROQUE;2;6;443475;CEL JTO A EE HORACIO MANLEY LANE;0;44;0;0;0;0;0;44;0;0;0;0;0;0;0;0;0;0;0;0;0;0;0;0;0;3;0;0;0;0;0;3;0;0;0;0;0;0;0;0;0;0;0;0;0;0;0;0;44;3
20308;SOROCABA;669;SOROCABA;2;6;417427;CEL JTO A EE JULIO PRESTES DE ALBUQUERQUE DOUTOR;70;500;71;90;40;189;0;960;0;0;0;0;0;0;0;0;4;0;0;0;0;0;0;4;5;25;7;6;5;9;0;57;0;0;0;0;0;0;0;0;1;0;0;0;0;0;0;1;964;58
20310;VOTORANTIM;252;CAPELA DO ALTO;2;6;458715;CEL JTO A EE PEDRO DIAS DE CAMPOS CEL;0;17;0;0;0;0;0;17;0;0;0;0;0;0;0;0;0;0;0;0;0;0;0;0;0;1;0;0;0;0;0;1;0;0;0;0;0;0;0;0;0;0;0;0;0;0;0;0;17;1
20310;VOTORANTIM;682;TAPIRAI;2;6;458922;CEL JTO A EE JOAO ROSA CEL;26;5;0;0;0;0;0;31;0;0;0;0;0;0;0;0;0;0;0;0;0;0;0;0;1;1;0;0;0;0;0;2;0;0;0;0;0;0;0;0;0;0;0;0;0;0;0;0;31;2
20313;ITARARE;380;ITARARE;2;6;441430;CEL JTO A EE TOME TEIXEIRA;0;48;39;25;0;0;0;112;0;0;0;0;0;0;0;0;0;13;0;0;0;0;0;13;0;2;2;1;0;0;0;5;0;0;0;0;0;0;0;0;0;1;0;0;0;0;0;1;125;6
20401;AMERICANA;165;AMERICANA;2;6;433639;CEL JTO A EE PROFA OLYMPIA BARTH DE OLIVEIRA;0;61;0;34;0;0;0;95;0;0;0;0;0;0;0;0;0;0;0;0;0;0;0;0;0;2;0;1;0;0;0;3;0;0;0;0;0;0;0;0;0;0;0;0;0;0;0;0;95;3
20407;JUNDIAI;407;JUNDIAI;2;6;985797;CEL JTO A EE MARIA DE LOURDES FRANCA SILVEIRA PROFESSORA;0;181;1;54;19;0;0;255;0;0;0;0;0;0;0;0;0;48;0;27;32;0;0;107;0;12;1;2;2;0;0;17;0;0;0;0;0;0;0;0;0;3;0;1;1;0;0;5;362;22
20408;LIMEIRA;417;LIMEIRA;2;6;985776;CEL JTO A EE CASTELO BRANCO;0;303;0;56;0;0;0;359;0;0;0;0;0;0;0;0;0;0;0;0;0;0;0;0;0;13;0;2;0;0;0;15;0;0;0;0;0;0;0;0;0;0;0;0;0;0;0;0;359;15
20408;LIMEIRA;587;RIO CLARO;2;6;459719;CEL JTO A EE JOAQUIM RIBEIRO;0;61;0;0;0;0;0;61;0;0;0;0;0;0;0;0;0;0;0;0;0;0;0;0;0;3;0;0;0;0;0;3;0;0;0;0;0;0;0;0;0;0;0;0;0;0;0;0;61;3
20411;PIRASSUNUNGA;182;ARARAS;2;6;460424;CEL JTO A EE CESARIO COIMBRA DR;0;8;0;0;0;0;0;8;0;0;0;0;0;0;0;0;0;0;0;0;0;0;0;0;0;2;0;0;0;0;0;2;0;0;0;0;0;0;0;0;0;0;0;0;0;0;0;0;8;2
20102;SANTOS;633;SANTOS;2;6;564801;CEL JTO A ZULMIRA CAMPOS;0;250;0;50;0;0;0;300;0;0;0;0;0;0;0;0;0;0;0;0;0;0;0;0;0;9;0;2;0;0;0;11;0;0;0;0;0;0;0;0;0;0;0;0;0;0;0;0;300;11
20102;SANTOS;633;SANTOS;2;6;985594;CEL JTO A EE OLGA CURY;0;2;0;0;0;0;0;2;0;0;0;0;0;0;0;0;0;0;0;0;0;0;0;0;0;1;0;0;0;0;0;1;0;0;0;0;0;0;0;0;0;0;0;0;0;0;0;0;2;1
20103;SAO VICENTE;369;ITANHAEM;2;6;985624;CEL JTO A EE BENEDITO CALIXTO;0;372;0;75;0;0;0;447;0;0;0;0;0;0;0;0;0;0;0;17;0;0;0;17;0;16;0;3;0;0;0;19;0;0;0;0;0;0;0;0;0;0;0;1;0;0;0;1;464;20
20202;GUARATINGUETA;284;CUNHA;2;6;459203;CEL JTO A EE PAULO VIRGINIO;14;54;0;45;0;0;0;113;0;0;0;0;0;0;0;0;0;105;0;35;0;0;0;140;1;4;0;2;0;0;0;7;0;0;0;0;0;0;0;0;0;4;0;1;0;0;0;5;253;12
20204;PINDAMONHANGABA;528;PINDAMONHANGABA;2;6;460278;CEL JTO A EE ALFREDO PUJOL DOUTOR;0;401;0;82;0;0;0;483;0;0;0;0;0;0;0;0;0;0;0;0;0;0;0;0;0;19;0;4;0;0;0;23;0;0;0;0;0;0;0;0;0;0;0;0;0;0;0;0;483;23
20204;PINDAMONHANGABA;695;TREMEMBE;2;6;460291;CEL JTO A EE MANUEL CABRAL;0;34;0;0;0;0;0;34;0;0;0;0;0;0;0;0;0;13;0;0;0;0;0;13;0;2;0;0;0;0;0;2;0;0;0;0;0;0;0;0;0;1;0;0;0;0;0;1;47;3
20205;SAO JOSE DOS CAMPOS;645;SAO JOSE DOS CAMPOS;2;6;985259;CEL JTO A EE ESTEVAN FERRI PROFESSOR;57;344;94;177;0;131;0;803;0;0;0;0;0;0;0;0;0;0;0;0;0;0;0;0;4;20;7;8;0;8;0;47;0;0;0;0;0;0;0;0;0;0;0;0;0;0;0;0;803;47
20207;JACAREI;392;JACAREI;2;6;459586;CEL JTO A EE FRANCISCO F FERREIRA DA SILVA PROF;0;208;0;91;30;0;0;329;0;0;0;0;0;0;0;0;0;0;0;0;0;0;0;0;0;12;0;3;1;0;0;16;0;0;0;0;0;0;0;0;0;0;0;0;0;0;0;0;329;16
20305;ITAPEVA;372;ITAPEVA;2;6;388300;CEL JTO A EE NICOTA SOARES;0;0;0;21;0;0;0;21;0;0;0;0;0;0;0;0;0;28;0;32;0;0;0;60;0;0;0;1;0;0;0;1;0;0;0;0;0;0;0;0;0;2;0;1;0;0;0;3;81;4
20306;ITU;387;ITU;2;6;985648;CEL JTO A EE REGENTE FEIJO;0;188;0;101;0;76;0;365;0;0;0;0;0;0;0;0;0;0;0;0;0;0;0;0;0;12;0;6;0;5;0;23;0;0;0;0;0;0;0;0;0;0;0;0;0;0;0;0;365;23
20306;ITU;600;SALTO;2;6;434036;CEL JTO A EE PAULA SANTOS PROFA;0;273;0;29;0;0;0;302;0;0;0;0;0;0;0;0;0;0;0;0;0;0;0;0;0;16;0;2;0;0;0;18;0;0;0;0;0;0;0;0;0;0;0;0;0;0;0;0;302;18
20307;SAO ROQUE;345;IBIUNA;2;6;466165;CEL JTO A EE MARIA ANGERAMI SCALAMANDRE;0;249;115;24;84;0;0;472;0;0;0;0;0;0;0;0;0;17;15;0;0;15;0;47;0;10;5;1;4;0;0;20;0;0;0;0;0;0;0;0;0;1;1;0;0;1;0;3;519;23
20308;SOROCABA;669;SOROCABA;2;6;985284;CEL JTO A EE ANTONIO PADILHA;137;727;159;184;0;166;0;1373;0;0;0;0;0;0;0;0;0;0;0;0;0;0;0;0;9;36;9;8;0;11;0;73;0;0;0;0;0;0;0;0;0;0;0;0;0;0;0;0;1373;73
20310;VOTORANTIM;178;ARACOIABA DA SERRA;2;6;458697;CEL JTO A EE MARIA ANGELICA BAILLOT PROFA;0;40;0;58;0;0;0;98;0;0;0;0;0;0;0;0;0;0;0;0;0;0;0;0;0;2;0;3;0;0;0;5;0;0;0;0;0;0;0;0;0;0;0;0;0;0;0;0;98;5
20310;VOTORANTIM;526;PIEDADE;2;6;446973;CEL JTO A EE CARLOS AUGUSTO DE CAMARGO PROFESSOR;9;136;33;58;0;0;0;236;0;0;0;0;0;0;0;0;0;0;0;0;0;0;0;0;2;9;2;3;0;0;0;16;0;0;0;0;0;0;0;0;0;0;0;0;0;0;0;0;236;16
20310;VOTORANTIM;527;PILAR DO SUL;2;6;458752;CEL JTO A EE ODILON BATISTA JORDAO VER;0;62;0;27;0;0;0;89;0;0;0;0;0;0;0;0;0;0;0;0;0;0;0;0;0;3;0;1;0;0;0;4;0;0;0;0;0;0;0;0;0;0;0;0;0;0;0;0;89;4
20310;VOTORANTIM;602;SALTO DE PIRAPORA;2;6;458855;CEL JTO A EE BENEDICTO RODRIGUES PROF;0;217;4;50;0;0;0;271;0;0;0;0;0;0;0;0;0;0;0;0;0;0;0;0;0;10;1;2;0;0;0;13;0;0;0;0;0;0;0;0;0;0;0;0;0;0;0;0;271;13
20411;PIRASSUNUNGA;415;LEME;2;6;564436;CEL JTO A EE NEWTON PRADO;0;3;0;0;0;0;0;3;0;0;0;0;0;0;0;0;0;0;0;0;0;0;0;0;0;1;0;0;0;0;0;1;0;0;0;0;0;0;0;0;0;0;0;0;0;0;0;0;3;1
20413;SAO JOAO DA BOA VISTA;530;ESPIRITO SANTO DO PINHAL;2;6;460000;CEL JTO A EE LEME CARDEAL;0;28;0;21;0;0;0;49;0;0;0;0;0;0;0;0;0;0;0;0;0;0;0;0;0;3;0;1;0;0;0;4;0;0;0;0;0;0;0;0;0;0;0;0;0;0;0;0;49;4
20413;SAO JOAO DA BOA VISTA;680;TAMBAU;2;6;460205;CEL JTO A EE DONIZETTI TAVARES DE LIMA PE;0;13;0;31;0;0;0;44;0;0;0;0;0;0;0;0;0;0;0;0;0;0;0;0;0;1;0;1;0;0;0;2;0;0;0;0;0;0;0;0;0;0;0;0;0;0;0;0;44;2
20415;SUMARE;671;SUMARE;2;6;985727;CEL JTO A EE JAYME DE BARROS CAMARA DOM;0;507;0;63;0;0;0;570;0;0;0;0;0;0;0;0;0;106;0;46;0;0;0;152;0;22;0;3;0;0;0;25;0;0;0;0;0;0;0;0;0;4;0;2;0;0;0;6;722;31
20415;SUMARE;748;HORTOLANDIA;2;6;459112;CEL JTO A EE LIOMAR FREITAS CAMARA PROFA;0;215;0;25;0;0;0;240;0;0;0;0;0;0;0;0;0;119;0;58;0;0;0;177;0;8;0;1;0;0;0;9;0;0;0;0;0;0;0;0;0;4;0;2;0;0;0;6;417;15
20419;CAPIVARI;253;CAPIVARI;2;6;458582;CEL JTO A EE FABIANO JOSE MOREIRA CAMARGO PADRE;0;60;0;74;0;0;0;134;0;0;0;0;0;0;0;0;0;0;0;0;0;0;0;0;0;4;0;3;0;0;0;7;0;0;0;0;0;0;0;0;0;0;0;0;0;0;0;0;134;7
20419;CAPIVARI;588;RIO DAS PEDRAS;2;6;458612;CEL JTO A EE MARIA JOSE DE AGUIAR ZEPPELINI PROFA;0;45;0;0;0;0;0;45;0;0;0;0;0;0;0;0;0;0;0;0;0;0;0;0;0;3;0;0;0;0;0;3;0;0;0;0;0;0;0;0;0;0;0;0;0;0;0;0;45;3
20502;BARRETOS;204;BARRETOS;2;6;433559;CEL JTO A EE ANTONIO OLYMPIO DOUTOR;0;179;0;38;0;91;0;308;0;0;0;0;0;0;0;0;0;0;0;0;0;0;0;0;0;7;0;2;0;4;0;13;0;0;0;0;0;0;0;0;0;0;0;0;0;0;0;0;308;13
20504;FRANCA;280;CRISTAIS PAULISTA;2;6;6271;CEL JTO A EE JOAO DE FARIA;0;56;0;43;0;0;0;99;0;0;0;0;0;0;0;0;0;0;0;0;0;0;0;0;0;2;0;2;0;0;0;4;0;0;0;0;0;0;0;0;0;0;0;0;0;0;0;0;99;4
20504;FRANCA;310;FRANCA;2;6;458831;CEL JTO A EE SUDARIO FERREIRA;0;173;0;0;0;0;0;173;0;0;0;0;0;0;0;0;0;0;0;0;0;0;0;0;0;11;0;0;0;0;0;11;0;0;0;0;0;0;0;0;0;0;0;0;0;0;0;0;173;11
20504;FRANCA;310;FRANCA;2;6;499500;CEL JTO A EE ANA MARIA JUNQUEIRA;0;159;0;17;5;0;0;181;0;0;0;0;0;0;0;0;0;95;0;29;0;0;0;124;0;9;0;1;1;0;0;11;0;0;0;0;0;0;0;0;0;3;0;1;0;0;0;4;305;15
20504;FRANCA;385;ITIRAPUA;2;6;458892;CEL JTO A EE HENRIQUE LESPINASSE PROF;0;45;0;0;0;0;0;45;0;0;0;0;0;0;0;0;0;0;0;0;0;0;0;0;0;3;0;0;0;0;0;3;0;0;0;0;0;0;0;0;0;0;0;0;0;0;0;0;45;3
20506;JABOTICABAL;210;BEBEDOURO;2;6;433548;CEL JTO A EE PARAISO CAVALCANTI DOUTOR;0;66;0;25;0;0;0;91;0;0;0;0;0;0;0;0;0;0;0;0;0;0;0;0;0;4;0;1;0;0;0;5;0;0;0;0;0;0;0;0;0;0;0;0;0;0;0;0;91;5
20506;JABOTICABAL;461;MONTE ALTO;2;6;459574;CEL JTO A EE LUIZ ZACHARIAS DE LIMA DR;0;14;0;52;0;0;26;92;0;0;0;0;0;0;0;0;0;0;0;0;0;0;0;0;0;2;0;2;0;0;1;5;0;0;0;0;0;0;0;0;0;0;0;0;0;0;0;0;92;5
20507;RIBEIRAO PRETO;582;RIBEIRAO PRETO;2;6;460461;CEL JTO A EE WALTER FERREIRA PROF;0;72;0;33;0;0;0;105;0;0;0;0;0;0;0;0;0;0;0;0;0;0;0;0;0;5;0;1;0;0;0;6;0;0;0;0;0;0;0;0;0;0;0;0;0;0;0;0;105;6
20511;TAQUARITINGA;344;IBITINGA;2;6;459100;CEL JTO A EE JOSEPHA MARIA DE OLIVEIRA BERSANO PROFA;0;155;0;60;40;0;0;255;0;0;0;0;0;0;0;0;0;68;0;23;19;0;0;110;0;8;0;3;2;0;0;13;0;0;0;0;0;0;0;0;0;3;0;1;1;0;0;5;365;18
20511;TAQUARITINGA;375;ITAPOLIS;2;6;985338;CEL JTO A EE ANTONIO MORAES BARROS DR;0;84;0;16;43;0;0;143;0;0;0;0;0;0;0;0;0;0;0;0;0;0;0;0;0;4;0;1;2;0;0;7;0;0;0;0;0;0;0;0;0;0;0;0;0;0;0;0;143;7
20512;SERTAOZINHO;294;DUMONT;2;6;459264;CEL JTO A EE NESTOR GOMES DE ARAUJO PROF;0;39;0;0;0;0;0;39;0;0;0;0;0;0;0;0;0;0;0;0;0;0;0;0;0;3;0;0;0;0;0;3;0;0;0;0;0;0;0;0;0;0;0;0;0;0;0;0;39;3
20604;LINS;419;LINS;2;6;449106;CEL JTO A EE FERNANDO COSTA;0;79;25;25;0;0;0;129;0;0;0;0;0;0;0;0;0;69;26;25;0;0;0;120;0;4;2;1;0;0;0;7;0;0;0;0;0;0;0;0;0;3;1;1;0;0;0;5;249;12
20702;FERNANDOPOLIS;791;OUROESTE;2;6;458806;CEL JTO A EE SANSARA SINGH FILHO PROF;0;161;0;0;0;0;0;161;0;0;0;0;0;0;0;0;0;0;0;0;0;0;0;0;0;6;0;0;0;0;0;6;0;0;0;0;0;0;0;0;0;0;0;0;0;0;0;0;161;6
20703;JALES;396;JALES;2;6;985715;CEL JTO A EE DOM ARTUR HORSTHUIS;0;170;22;31;54;0;0;277;0;0;0;0;0;0;0;0;0;96;12;32;15;0;0;155;0;8;2;2;4;0;0;16;0;0;0;0;0;0;0;0;0;4;1;2;1;0;0;8;432;24
20704;JOSE BONIFACIO;405;JOSE BONIFACIO;2;6;985363;CEL JTO A EE SEVERINO REINO;0;242;0;34;0;0;0;276;0;0;0;0;0;0;0;0;0;0;0;0;0;0;0;0;0;11;0;2;0;0;0;13;0;0;0;0;0;0;0;0;0;0;0;0;0;0;0;0;276;13
20710;SAO JOSE DO RIO PRETO;647;SAO JOSE DO RIO PRETO;2;6;985405;CEL JTO A EE MONSENHOR GONCALVES;0;355;90;50;49;0;0;544;0;0;0;0;0;0;0;0;0;176;21;25;12;0;0;234;0;17;5;3;2;0;0;27;0;0;0;0;0;0;0;0;0;6;1;1;1;0;0;9;778;36
20904;PRESIDENTE PRUDENTE;440;MARTINOPOLIS;2;6;460485;CEL JTO A EE JOAO GOMES MARTINS CORONEL;0;7;0;0;0;0;0;7;0;0;0;0;0;0;0;0;0;9;0;0;0;0;0;9;0;1;0;0;0;0;0;1;0;0;0;0;0;0;0;0;0;1;0;0;0;0;0;1;16;2
20908;SANTO ANASTACIO;625;SANTO ANASTACIO;2;6;4989;CEL JTO A EE PROFA ALICE MACIEL SANCHES;0;4;0;0;0;0;0;4;0;0;0;0;0;0;0;0;0;0;0;0;0;0;0;0;0;1;0;0;0;0;0;1;0;0;0;0;0;0;0;0;0;0;0;0;0;0;0;0;4;1
20909;MIRANTE DO PARANAPANEMA;690;TEODORO SAMPAIO;2;6;459948;CEL JTO A EE ARTHUR RIBEIRO;0;38;0;0;0;0;0;38;0;0;0;0;0;0;0;0;0;26;0;22;0;0;0;48;0;3;0;0;0;0;0;3;0;0;0;0;0;0;0;0;0;2;0;2;0;0;0;4;86;7
21001;ASSIS;501;PALMITAL;2;6;341010;CEL JTO A EE ADALGISA CAVEZZALE DE CAMPOS PROFA;6;78;0;0;0;0;0;84;0;0;0;0;0;0;0;0;9;23;0;0;34;0;0;66;1;3;0;0;0;0;0;4;0;0;0;0;0;0;0;0;1;1;0;0;1;0;0;3;150;7
21003;MARILIA;438;MARILIA;2;6;985508;CEL JTO A EE MONSENHOR BICUDO;1;109;0;27;7;38;0;182;0;0;0;0;0;0;0;0;0;0;0;0;0;0;0;0;1;8;0;3;2;4;0;18;0;0;0;0;0;0;0;0;0;0;0;0;0;0;0;0;182;18
21101;MIRACATU;448;MIRACATU;2;6;459781;CEL JTO A EE ARMANDO GONCALVES PROF;0;210;0;106;0;0;0;316;0;0;0;0;0;0;0;0;0;0;0;0;0;0;0;0;0;8;0;5;0;0;0;13;0;0;0;0;0;0;0;0;0;0;0;0;0;0;0;0;316;13
20403;BRAGANCA PAULISTA;190;ATIBAIA;2;6;458326;CEL JTO A EE FRANCISCO DE AGUIAR PECANHA;0;38;15;0;0;0;0;53;0;0;0;0;0;0;0;0;0;0;0;0;0;0;0;0;0;4;2;0;0;0;0;6;0;0;0;0;0;0;0;0;0;0;0;0;0;0;0;0;53;6
20403;BRAGANCA PAULISTA;668;SOCORRO;2;6;458430;CEL JTO A EE NARCISO PIERONI;0;18;0;0;0;0;0;18;0;0;0;0;0;0;0;0;0;0;0;0;0;0;0;0;0;1;0;0;0;0;0;1;0;0;0;0;0;0;0;0;0;0;0;0;0;0;0;0;18;1
20404;CAMPINAS OESTE;708;VALINHOS;2;6;458533;CEL JTO A EE CYRO DE BARROS REZENDE PROF;0;8;0;0;0;0;0;8;0;0;0;0;0;0;0;0;0;0;0;0;0;0;0;0;0;2;0;0;0;0;0;2;0;0;0;0;0;0;0;0;0;0;0;0;0;0;0;0;8;2
20411;PIRASSUNUNGA;536;PIRASSUNUNGA;2;6;460448;CEL JTO A EE MANOEL JACINTHO VIEIRA DE MORAES DOUTOR;0;4;0;0;0;0;0;4;0;0;0;0;0;0;0;0;0;0;0;0;0;0;0;0;0;1;0;0;0;0;0;1;0;0;0;0;0;0;0;0;0;0;0;0;0;0;0;0;4;1
20413;SAO JOAO DA BOA VISTA;453;MOCOCA;2;6;460011;CEL JTO A EE JUSTINO GOMES DE CASTRO MAESTRO;0;34;0;0;0;0;0;34;0;0;0;0;0;0;0;0;0;0;0;0;0;0;0;0;0;3;0;0;0;0;0;3;0;0;0;0;0;0;0;0;0;0;0;0;0;0;0;0;34;3
20415;SUMARE;748;HORTOLANDIA;2;6;446828;CEL JTO A EE HEDY MADALENA BOCCHI PROFESSORA;0;88;0;15;0;0;0;103;0;0;0;0;0;0;0;0;0;0;0;0;0;0;0;0;0;5;0;1;0;0;0;6;0;0;0;0;0;0;0;0;0;0;0;0;0;0;0;0;103;6
20501;ARARAQUARA;166;AMERICO BRASILIENSE;2;6;458173;CEL JTO A EE DINORA MARCONDES GOMES PROFA;0;112;0;36;0;0;0;148;0;0;0;0;0;0;0;0;0;0;0;0;0;0;0;0;0;6;0;2;0;0;0;8;0;0;0;0;0;0;0;0;0;0;0;0;0;0;0;0;148;8
20501;ARARAQUARA;181;ARARAQUARA;2;6;462020;CEL JTO A MARIA ISABEL RODRIGUES ORSO PROFA;10;92;0;27;34;0;0;163;0;0;0;0;0;0;0;0;23;68;30;32;10;0;0;163;1;8;0;1;2;0;0;12;0;0;0;0;0;0;0;0;1;2;1;1;2;0;0;7;326;19
20502;BARRETOS;322;GUAIRA;2;6;458193;CEL JTO A EE ENOCH GARCIA LEAL;0;42;0;0;0;0;0;42;0;0;0;0;0;0;0;0;0;0;0;0;0;0;0;0;0;3;0;0;0;0;0;3;0;0;0;0;0;0;0;0;0;0;0;0;0;0;0;0;42;3
20502;BARRETOS;487;OLIMPIA;2;6;433561;CEL JTO A EE ANTONIO AUGUSTO REIS NEVES DOUTOR;0;379;50;55;55;0;0;539;0;0;0;0;0;0;0;0;0;0;0;0;0;0;0;0;0;16;3;2;3;0;0;24;0;0;0;0;0;0;0;0;0;0;0;0;0;0;0;0;539;24
20504;FRANCA;310;FRANCA;2;6;458958;CEL JTO A EE PROFA MARIA CINTRA NUNES ROCHA  DONA BRANCA;0;17;0;0;0;0;0;17;0;0;0;0;0;0;0;0;0;29;0;12;0;0;0;41;0;1;0;0;0;0;0;1;0;0;0;0;0;0;0;0;0;2;0;1;0;0;0;3;58;4
20504;FRANCA;310;FRANCA;2;6;985818;CEL JTO A EE TORQUATO CALEIRO;0;284;53;72;26;0;0;435;0;0;0;0;0;0;0;0;0;403;0;42;14;0;0;459;0;15;3;3;2;0;0;23;0;0;0;0;0;0;0;0;0;14;0;2;1;0;0;17;894;40
20504;FRANCA;518;PEDREGULHO;2;6;458910;CEL JTO A EE JOSE VICENTE MACHADO NETTO DR;0;17;0;16;0;0;0;33;0;0;0;0;0;0;0;0;0;0;0;0;0;0;0;0;0;1;0;1;0;0;0;2;0;0;0;0;0;0;0;0;0;0;0;0;0;0;0;0;33;2
20506;JABOTICABAL;334;GUARIBA;2;6;459562;CEL JTO A EE JOSE PACIFICO;0;98;0;109;0;0;0;207;0;0;0;0;0;0;0;0;0;0;0;0;0;0;0;0;0;4;0;4;0;0;0;8;0;0;0;0;0;0;0;0;0;0;0;0;0;0;0;0;207;8
20509;SAO CARLOS;341;IBATE;2;6;460266;CEL JTO A EE EDESIO CASTANHO;0;7;0;0;0;0;0;7;0;0;0;0;0;0;0;0;0;0;0;0;0;0;0;0;0;1;0;0;0;0;0;1;0;0;0;0;0;0;0;0;0;0;0;0;0;0;0;0;7;1
20512;SERTAOZINHO;550;PONTAL;2;6;459173;CEL JTO A EE JOSEPHA CASTRO PROFA;0;0;0;0;0;0;0;0;0;0;0;0;0;0;0;0;0;58;0;0;0;0;0;58;0;0;0;0;0;0;0;0;0;0;0;0;0;0;0;0;0;2;0;0;0;0;0;2;58;2
20512;SERTAOZINHO;664;SERTAOZINHO;2;6;363637;CEL JTO A EE NICIA FABIOLA ZANUTTO GIRALDI PROFESSORA;0;9;0;0;0;0;0;9;0;0;0;0;0;0;0;0;0;0;0;0;0;0;0;0;0;1;0;0;0;0;0;1;0;0;0;0;0;0;0;0;0;0;0;0;0;0;0;0;9;1
20403;BRAGANCA PAULISTA;225;BRAGANCA PAULISTA;2;6;458375;CEL JTO A EE ALCINDO BUENO DE ASSIS MINISTRO;0;26;0;0;0;0;0;26;0;0;0;0;0;0;0;0;0;0;0;0;0;0;0;0;0;2;0;0;0;0;0;2;0;0;0;0;0;0;0;0;0;0;0;0;0;0;0;0;26;2
20404;CAMPINAS OESTE;244;CAMPINAS;2;6;458512;CEL JTO A EE MILTON DE TOLOSA PROF;0;1;0;0;0;0;0;1;0;0;0;0;0;0;0;0;0;0;0;0;0;0;0;0;0;1;0;0;0;0;0;1;0;0;0;0;0;0;0;0;0;0;0;0;0;0;0;0;1;1
20404;CAMPINAS OESTE;244;CAMPINAS;2;6;985600;CEL JTO A EE ORLANDO SIGNORELLI;0;82;0;30;0;0;0;112;0;0;0;0;0;0;0;0;0;0;0;0;0;0;0;0;0;3;0;1;0;0;0;4;0;0;0;0;0;0;0;0;0;0;0;0;0;0;0;0;112;4
20409;MOGI MIRIM;455;MOGI GUACU;2;6;460217;CEL JTO A EE LUIZ MARTINI;0;99;0;17;0;0;0;116;0;0;0;0;0;0;0;0;0;0;0;29;0;0;0;29;0;5;0;2;0;0;0;7;0;0;0;0;0;0;0;0;0;0;0;1;0;0;0;1;145;8
20409;MOGI MIRIM;456;MOGI MIRIM;2;6;985302;CEL JTO A EE MONSENHOR NORA;0;20;0;8;0;0;0;28;0;0;0;0;0;0;0;0;0;0;0;0;0;0;0;0;0;4;0;1;0;0;0;5;0;0;0;0;0;0;0;0;0;0;0;0;0;0;0;0;28;5
20410;PIRACICABA;535;PIRACICABA;2;6;460357;CEL JTO A EE ELIAS DE MELLO AYRES PROFESSOR;0;214;0;75;0;0;0;289;0;0;0;0;0;0;0;0;0;0;0;0;0;0;0;0;0;11;0;4;0;0;0;15;0;0;0;0;0;0;0;0;0;0;0;0;0;0;0;0;289;15
20413;SAO JOAO DA BOA VISTA;152;AGUAI;2;6;459902;CEL JTO A EE GERALDO LOURENCO PADRE;0;32;0;31;0;0;0;63;0;0;0;0;0;0;0;0;0;0;0;0;0;0;0;0;0;5;0;1;0;0;0;6;0;0;0;0;0;0;0;0;0;0;0;0;0;0;0;0;63;6
20413;SAO JOAO DA BOA VISTA;646;SAO JOSE DO RIO PARDO;2;6;460148;CEL JTO A EE EUCLIDES DA CUNHA;0;3;0;0;0;0;0;3;0;0;0;0;0;0;0;0;0;0;0;0;0;0;0;0;0;1;0;0;0;0;0;1;0;0;0;0;0;0;0;0;0;0;0;0;0;0;0;0;3;1
20413;SAO JOAO DA BOA VISTA;711;VARGEM GRANDE DO SUL;2;6;459872;CEL JTO A EE BENJAMIN BASTOS;0;63;0;15;0;0;0;78;0;0;0;0;0;0;0;0;0;0;0;0;0;0;0;0;0;3;0;1;0;0;0;4;0;0;0;0;0;0;0;0;0;0;0;0;0;0;0;0;78;4
20415;SUMARE;513;PAULINIA;2;6;459124;CEL JTO A EE PORPHYRIO DA PAZ GENERAL;0;179;0;0;0;0;0;179;0;0;0;0;0;0;0;0;0;0;0;0;0;0;0;0;0;8;0;0;0;0;0;8;0;0;0;0;0;0;0;0;0;0;0;0;0;0;0;0;179;8
20419;CAPIVARI;353;INDAIATUBA;2;6;458703;CEL JTO A EE JARDIM MORADA DO SOL;0;110;0;0;0;0;0;110;0;0;0;0;0;0;0;0;0;0;0;0;0;0;0;0;0;7;0;0;0;0;0;7;0;0;0;0;0;0;0;0;0;0;0;0;0;0;0;0;110;7
20501;ARARAQUARA;181;ARARAQUARA;2;6;985314;CEL JTO A EE JOAO MANOEL DO AMARAL;17;417;15;63;22;0;0;534;0;0;0;0;0;0;0;0;0;0;0;0;0;0;0;0;1;23;1;4;2;0;0;31;0;0;0;0;0;0;0;0;0;0;0;0;0;0;0;0;534;31
20501;ARARAQUARA;441;MATAO;2;6;447341;CEL JTO A EE HENRIQUE MORATO PROF;0;221;11;28;12;0;0;272;0;0;0;0;0;0;0;0;0;0;0;0;0;0;0;0;0;15;2;2;1;0;0;20;0;0;0;0;0;0;0;0;0;0;0;0;0;0;0;0;272;20
20504;FRANCA;310;FRANCA;2;6;498981;CEL JTO A EE PROF HELIO PALERMO;0;176;0;69;0;0;0;245;0;0;0;0;0;0;0;0;0;33;0;0;0;0;0;33;0;8;0;2;0;0;0;10;0;0;0;0;0;0;0;0;0;1;0;0;0;0;0;1;278;11
20504;FRANCA;310;FRANCA;2;6;498993;CEL JTO A EE EVARISTO FABRICIO;0;28;0;0;0;0;0;28;0;0;0;0;0;0;0;0;0;0;0;0;0;0;0;0;0;3;0;0;0;0;0;3;0;0;0;0;0;0;0;0;0;0;0;0;0;0;0;0;28;3
20504;FRANCA;310;FRANCA;2;6;499511;CEL JTO A EE PEDRO NUNES DA ROCHA PROF;0;37;25;21;24;0;0;107;0;0;0;0;0;0;0;0;0;116;0;19;0;0;0;135;0;2;1;1;1;0;0;5;0;0;0;0;0;0;0;0;0;6;0;1;0;0;0;7;242;12
20506;JABOTICABAL;391;JABOTICABAL;2;6;985326;CEL JTO A EE AURELIO ARROBAS MARTINS;0;32;0;0;0;0;0;32;0;0;0;0;0;0;0;0;0;0;0;0;0;0;0;0;0;3;0;0;0;0;0;3;0;0;0;0;0;0;0;0;0;0;0;0;0;0;0;0;32;3
20602;JAU;348;IGARACU DO TIETE;2;6;985831;CEL JTO A EE JOSE CONTI;0;35;0;30;0;0;0;65;0;0;0;0;0;0;0;0;0;147;0;31;0;0;0;178;0;2;0;1;0;0;0;3;0;0;0;0;0;0;0;0;0;7;0;1;0;0;0;8;243;11
20701;CATANDUVA;483;NOVO HORIZONTE;2;6;458788;CEL JTO A EE MARIO FLORENCE PROFESSOR;0;0;0;0;0;0;0;0;0;0;0;0;0;0;0;0;0;2;0;36;0;0;0;38;0;0;0;0;0;0;0;0;0;0;0;0;0;0;0;0;0;1;0;2;0;0;0;3;38;3
20704;JOSE BONIFACIO;451;MIRASSOL;2;6;985375;CEL JTO A EE GENARO DOMARCO;0;116;0;84;10;0;0;210;0;0;0;0;0;0;0;0;0;0;0;0;0;0;0;0;0;7;0;3;2;0;0;12;0;0;0;0;0;0;0;0;0;0;0;0;0;0;0;0;210;12
20711;VOTUPORANGA;718;VOTUPORANGA;2;6;985739;CEL JTO A EE JOSE MANOEL LOBO DR;0;49;26;52;0;0;0;127;0;0;0;0;0;0;0;0;0;116;0;65;0;0;0;181;0;3;2;2;0;0;0;7;0;0;0;0;0;0;0;0;0;5;0;2;0;0;0;7;308;14
20802;ARACATUBA;177;ARACATUBA;2;6;985417;CEL JTO A EE MANOEL BENTO DA CRUZ;0;318;62;101;19;0;0;500;0;0;0;0;0;0;0;0;0;0;0;0;0;0;0;0;0;17;4;5;1;0;0;27;0;0;0;0;0;0;0;0;0;0;0;0;0;0;0;0;500;27
20804;PENAPOLIS;521;PENAPOLIS;2;6;460242;CEL JTO A EE ADELINO PETERS;0;227;0;94;0;148;0;469;0;0;0;0;0;0;0;0;0;0;0;0;0;0;0;0;0;9;0;3;0;6;0;18;0;0;0;0;0;0;0;0;0;0;0;0;0;0;0;0;469;18
20901;ADAMANTINA;494;OSVALDO CRUZ;2;6;985430;CEL JTO A EE OSVALDO MARTINS;0;34;0;13;0;0;0;47;0;0;0;0;0;0;0;0;0;0;0;0;0;0;0;0;0;2;0;1;0;0;0;3;0;0;0;0;0;0;0;0;0;0;0;0;0;0;0;0;47;3
20904;PRESIDENTE PRUDENTE;562;PRESIDENTE PRUDENTE;2;6;985442;CEL JTO A EE MONSENHOR SARRION;0;229;53;78;0;21;0;381;0;0;0;0;0;0;0;0;0;84;16;38;12;14;0;164;0;10;4;4;0;1;0;19;0;0;0;0;0;0;0;0;0;3;1;1;1;1;0;7;545;26
20909;MIRANTE DO PARANAPANEMA;450;MIRANTE DO PARANAPANEMA;2;6;459859;CEL JTO A EE JOSE QUIRINO CAVALCANTE;0;94;0;0;0;0;0;94;0;0;0;0;0;0;0;0;0;0;0;0;0;0;0;0;0;6;0;0;0;0;0;6;0;0;0;0;0;0;0;0;0;0;0;0;0;0;0;0;94;6
21001;ASSIS;189;ASSIS;2;6;428760;CEL JTO A EE PROF CARLOS ALBERTO DE OLIVEIRA;0;282;35;57;17;34;0;425;0;0;0;0;0;0;0;0;10;137;10;53;52;9;0;271;0;15;2;3;2;2;0;24;0;0;0;0;0;0;0;0;1;5;1;2;2;1;0;12;696;36
21001;ASSIS;436;MARACAI;2;6;985485;CEL JTO A EE JOSE GONCALVES DE MENDONCA;0;42;0;0;0;0;0;42;0;0;0;0;0;0;0;0;0;0;0;0;0;0;0;0;0;3;0;0;0;0;0;3;0;0;0;0;0;0;0;0;0;0;0;0;0;0;0;0;42;3
21006;TUPA;697;TUPA;2;6;985512;CEL JTO A EE INDIA VANUIRE;0;57;0;0;46;0;0;103;0;0;0;0;0;0;0;0;0;0;0;0;0;0;0;0;0;6;0;0;5;0;0;11;0;0;0;0;0;0;0;0;0;0;0;0;0;0;0;0;103;11
20509;SAO CARLOS;637;SAO CARLOS;2;6;457711;CEL JTO A EE ALVARO GUIAO DOUTOR;38;134;16;87;41;0;0;316;0;0;0;0;0;0;0;0;38;143;10;35;40;0;0;266;3;7;2;3;2;0;0;17;0;0;0;0;0;0;0;0;2;5;1;1;2;0;0;11;582;28
20510;SAO JOAQUIM DA BARRA;642;SAO JOAQUIM DA BARRA;2;6;459720;CEL JTO A EE MANOEL GOUVEIA DE LIMA;0;71;0;0;0;0;0;71;0;0;0;0;0;0;0;0;0;0;0;0;0;0;0;0;0;7;0;0;0;0;0;7;0;0;0;0;0;0;0;0;0;0;0;0;0;0;0;0;71;7
20511;TAQUARITINGA;684;TAQUARITINGA;2;6;985545;CEL JTO A EE 9 DE JULHO;0;28;26;50;0;0;0;104;0;0;0;0;0;0;0;0;0;198;26;24;22;0;0;270;0;1;1;2;0;0;0;4;0;0;0;0;0;0;0;0;0;8;1;1;1;0;0;11;374;15
20601;BAURU;209;BAURU;2;6;985582;CEL JTO A EE CHRISTINO CABRAL PROF;0;149;0;58;0;78;0;285;0;0;0;0;0;0;0;0;0;0;0;0;0;0;0;0;0;10;0;2;0;3;0;15;0;0;0;0;0;0;0;0;0;0;0;0;0;0;0;0;285;15
20601;BAURU;416;LENCOIS PAULISTA;2;6;458211;CEL JTO A EE VIRGILIO CAPOANI;0;272;0;111;0;0;0;383;0;0;0;0;0;0;0;0;0;0;0;0;0;0;0;0;0;15;0;5;0;0;0;20;0;0;0;0;0;0;0;0;0;0;0;0;0;0;0;0;383;20
20602;JAU;289;DOIS CORREGOS;2;6;459598;CEL JTO A EE JOSE ALVES MIRA;0;43;39;0;0;0;0;82;0;0;0;0;0;0;0;0;0;121;0;59;0;0;0;180;0;2;2;0;0;0;0;4;0;0;0;0;0;0;0;0;0;4;0;2;0;0;0;6;262;10
20602;JAU;401;JAU;2;6;985348;CEL JTO A EE MAJOR PRADO;0;267;102;53;0;0;0;422;0;0;0;0;0;0;0;0;0;124;0;58;0;0;0;182;0;13;6;2;0;0;0;21;0;0;0;0;0;0;0;0;0;5;0;2;0;0;0;7;604;28
20701;CATANDUVA;260;CATANDUVA;2;6;363613;CEL JTO A EE BARAO DO RIO BRANCO;0;165;8;12;0;0;0;185;0;0;0;0;0;0;0;0;0;116;10;17;8;0;9;160;0;10;1;1;0;0;0;12;0;0;0;0;0;0;0;0;0;5;1;1;1;0;1;9;345;21
20702;FERNANDOPOLIS;304;FERNANDOPOLIS;2;6;985824;CEL JTO A EE JOAQUIM ANTONIO PEREIRA;0;196;24;84;23;0;0;327;0;0;0;0;0;0;0;0;0;83;0;20;0;0;0;103;0;10;1;3;1;0;0;15;0;0;0;0;0;0;0;0;0;4;0;1;0;0;0;5;430;20
20703;JALES;614;SANTA FE DO SUL;2;6;985806;CEL JTO A EE ITAEL DE MATOS PROFESSOR;0;155;30;36;8;0;0;229;0;0;0;0;0;0;0;0;0;114;8;46;0;0;0;168;0;10;2;2;1;0;0;15;0;0;0;0;0;0;0;0;0;6;1;2;0;0;0;9;397;24
20710;SAO JOSE DO RIO PRETO;478;NOVA GRANADA;2;6;985399;CEL JTO A EE FRANCISCO MARQUES PINTO;0;41;24;0;22;0;0;87;0;0;0;0;0;0;0;0;0;147;0;65;0;0;0;212;0;2;1;0;1;0;0;4;0;0;0;0;0;0;0;0;0;5;0;2;0;0;0;7;299;11
20803;BIRIGUI;214;BIRIGUI;2;6;433640;CEL JTO A EE STELIO MACHADO LOUREIRO PROFESSOR;0;329;0;42;0;0;0;371;0;0;0;0;0;0;0;0;0;0;0;0;0;0;0;0;0;15;0;2;0;0;0;17;0;0;0;0;0;0;0;0;0;0;0;0;0;0;0;0;371;17
20901;ADAMANTINA;150;ADAMANTINA;2;6;985429;CEL JTO A EE FLEURIDES CAVALINI MENECHINO PROFA;0;38;0;0;0;0;0;38;0;0;0;0;0;0;0;0;0;0;0;0;0;0;0;0;0;3;0;0;0;0;0;3;0;0;0;0;0;0;0;0;0;0;0;0;0;0;0;0;38;3
20901;ADAMANTINA;292;DRACENA;2;6;458090;CEL JTO A EE ENGENHEIRO ISAC PEREIRA GARCEZ;0;12;0;0;0;0;0;12;0;0;0;0;0;0;0;0;0;0;0;0;0;0;0;0;0;1;0;0;0;0;0;1;0;0;0;0;0;0;0;0;0;0;0;0;0;0;0;0;12;1
20901;ADAMANTINA;408;JUNQUEIROPOLIS;2;6;458119;CEL JTO A EE IDENE RODRIGUES DOS SANTOS PROF;0;132;0;44;0;0;0;176;0;0;0;0;0;0;0;0;0;17;0;0;0;0;0;17;0;5;0;2;0;0;0;7;0;0;0;0;0;0;0;0;0;1;0;0;0;0;0;1;193;8
20909;MIRANTE DO PARANAPANEMA;470;NARANDIBA;2;6;459835;CEL JTO A EE PROFESSORA TAKAKO SUZUKI;0;30;0;17;0;0;0;47;0;0;0;0;0;0;0;0;0;0;0;0;0;0;0;0;0;3;0;1;0;0;0;4;0;0;0;0;0;0;0;0;0;0;0;0;0;0;0;0;47;4
21001;ASSIS;503;PARAGUACU PAULISTA;2;6;985521;CEL JTO A EE DIVA FIGUEIREDO DA SILVEIRA;0;32;0;0;0;0;0;32;0;0;0;0;0;0;0;0;0;0;0;0;0;0;0;0;0;2;0;0;0;0;0;2;0;0;0;0;0;0;0;0;0;0;0;0;0;0;0;0;32;2
21003;MARILIA;315;GARCA;2;6;985491;CEL JTO A EE PROFA LYDIA YVONE GOMES MARQUES;0;0;0;0;0;0;0;0;0;0;0;0;0;0;0;0;0;37;0;23;0;37;0;97;0;0;0;0;0;0;0;0;0;0;0;0;0;0;0;0;0;3;0;1;0;2;0;6;97;6
21003;MARILIA;548;POMPEIA;2;6;459768;CEL JTO A EE CULTURA E LIBERDADE;0;75;0;28;0;20;0;123;0;0;0;0;0;0;0;0;0;0;0;0;0;0;0;0;0;8;0;1;0;2;0;11;0;0;0;0;0;0;0;0;0;0;0;0;0;0;0;0;123;11
21004;OURINHOS;495;OURINHOS;2;6;363625;CEL JTO A EE DOMINGOS CAMERLINGO CALO;0;29;0;0;0;0;0;29;0;0;0;0;0;0;0;0;0;131;0;27;0;0;0;158;0;1;0;0;0;0;0;1;0;0;0;0;0;0;0;0;0;7;0;1;0;0;0;8;187;9
21004;OURINHOS;612;SANTA CRUZ DO RIO PARDO;2;6;460230;CEL JTO A EE LEONIDAS DO AMARAL VIEIRA;0;0;0;0;0;0;0;0;0;0;0;0;0;0;0;0;0;75;0;35;0;0;0;110;0;0;0;0;0;0;0;0;0;0;0;0;0;0;0;0;0;4;0;2;0;0;0;6;110;6
21006;TUPA;570;RANCHARIA;2;6;458971;CEL JTO A EE ANTONIO JOSE DOS SANTOS DOM;0;2;0;0;0;0;0;2;0;0;0;0;0;0;0;0;0;0;0;0;0;0;0;0;0;1;0;0;0;0;0;1;0;0;0;0;0;0;0;0;0;0;0;0;0;0;0;0;2;1
21102;REGISTRO;574;REGISTRO;2;6;985533;CEL JTO A EE FABIO BARRETO DOUTOR;0;288;0;86;0;76;0;450;0;0;0;0;0;0;0;0;0;0;0;0;0;0;0;0;0;14;0;4;0;4;0;22;0;0;0;0;0;0;0;0;0;0;0;0;0;0;0;0;450;22
