CDREDE;DE;CODMUN;MUN;CATEG;TIPOESC;COD_ESC;NOMESC;AL_ALEMAO_DU;AL_ESPANHOL_DU;AL_FRANCES_DU;AL_INGLES_DU;AL_ITALIANO_DU;AL_JAPONES_DU;AL_MANDARIM_DU;TOTAL_AL_DU;AL_ALEMAO_SAB_SEMANA;AL_ESPANHOL_SAB_SEMANA;AL_FRANCES_SAB_SEMANA;AL_INGLES_SAB_SEMANA;AL_ITALIANO_SAB_SEMANA;AL_JAPONES_SAB_SEMANA;AL_MANDARIM_SAB_SEMANA;TOTAL_AL_SAB_SEMANA;AL_ALEMAO_SAB;AL_ESPANHOL_SAB;AL_FRANCES_SAB;AL_INGLES_SAB;AL_ITALIANO_SAB;AL_JAPONES_SAB;AL_MANDARIM_SAB;TOTAL_AL_SAB;CL_ALEMAO_DU;CL_ESPANHOL_DU;CL_FRANCES_DU;CL_INGLES_DU;CL_ITALIANO_DU;CL_JAPONES_DU;CL_MANDARIM_DU;TOTAL_CL_DU;CL_ALEMAO_SAB_SEMANA;CL_ESPANHOL_SAB_SEMANA;CL_FRANCES_SAB_SEMANA;CL_INGLES_SAB_SEMANA;CL_ITALIANO_SAB_SEMANA;CL_JAPONES_SAB_SEMANA;CL_MANDARIM_SAB_SEMANA;TOTAL_CL_SAB_SEMANA;CL_ALEMAO_SAB;CL_ESPANHOL_SAB;CL_FRANCES_SAB;CL_INGLES_SAB;CL_ITALIANO_SAB;CL_JAPONES_SAB;CL_MANDARIM_SAB;TOTAL_CL_SAB;TOTAL_TOTAL_AL;TOTAL_TOTAL_CL
10102;CENTRO;100;SAO PAULO;2;6;985107;CEL JTO A EE MAURO DE OLIVEIRA PROFESSOR;0;106;36;48;0;0;0;190;0;0;0;0;0;0;0;0;0;0;0;0;0;0;0;0;0;6;4;2;0;0;0;12;0;0;0;0;0;0;0;0;0;0;0;0;0;0;0;0;190;12
10205;LESTE 5;100;SAO PAULO;2;6;458296;CEL JTO A EE JOSE MARQUES DA CRUZ PROF;20;154;16;74;0;0;0;264;0;0;0;0;0;0;0;0;21;85;23;19;20;0;0;168;2;8;1;3;0;0;0;14;0;0;0;0;0;0;0;0;1;4;1;1;1;0;0;8;432;22
10314;SUL 2;100;SAO PAULO;2;6;985156;CEL JTO A EE LEOPOLDO SANTANA PROFESSOR;155;382;216;77;89;103;0;1022;0;0;0;0;0;0;0;0;0;0;0;0;0;0;0;0;7;16;9;3;4;4;0;43;0;0;0;0;0;0;0;0;0;0;0;0;0;0;0;0;1022;43
10316;CENTRO SUL;100;SAO PAULO;2;6;498634;CEL JTO A EE ROOSEVELT PRESIDENTE;0;139;41;22;0;36;0;238;0;0;0;0;0;0;0;0;0;0;0;0;0;0;0;0;0;9;5;1;0;3;0;18;0;0;0;0;0;0;0;0;0;0;0;0;0;0;0;0;238;18
10316;CENTRO SUL;100;SAO PAULO;2;6;985788;CEL JTO A EE JULIA MACEDO PANTOJA PROFESSORA;58;448;37;129;61;82;0;815;0;0;0;0;0;0;0;0;0;0;0;0;0;0;0;0;4;24;3;5;4;5;0;45;0;0;0;0;0;0;0;0;0;0;0;0;0;0;0;0;815;45
10318;SUL 3;100;SAO PAULO;2;6;29828;CEL JTO A EE LAERTE RAMOS PROF DR;0;313;0;140;0;92;0;545;0;0;0;0;0;0;0;0;0;0;0;0;0;0;0;0;0;12;0;5;0;5;0;22;0;0;0;0;0;0;0;0;0;0;0;0;0;0;0;0;545;22
10318;SUL 3;100;SAO PAULO;2;6;458399;CEL JTO A EE ALBERTO SALOTTI PROF;0;76;78;46;0;0;0;200;0;0;0;0;0;0;0;0;0;0;0;0;0;0;0;0;0;7;3;2;0;0;0;12;0;0;0;0;0;0;0;0;0;0;0;0;0;0;0;0;200;12
10318;SUL 3;100;SAO PAULO;2;6;985168;CEL JTO A EE PAULINO NUNES ESPOSO;0;201;0;61;0;0;0;262;0;0;0;0;0;0;0;0;0;0;0;0;0;0;0;0;0;10;0;2;0;0;0;12;0;0;0;0;0;0;0;0;0;0;0;0;0;0;0;0;262;12
10401;CAIEIRAS;239;CAIEIRAS;2;6;499729;CEL JTO A EE WALTHER WEISZFLOG;40;163;0;52;0;0;0;255;0;0;0;0;0;0;0;0;0;0;0;0;0;0;0;0;3;8;0;2;0;0;0;13;0;0;0;0;0;0;0;0;0;0;0;0;0;0;0;0;255;13
10401;CAIEIRAS;311;FRANCISCO MORATO;2;6;985659;CEL JTO A EE CELESTINA VALENTE LEGENFELDER;0;118;0;21;0;0;0;139;0;0;0;0;0;0;0;0;0;87;0;0;0;0;0;87;0;5;0;1;0;0;0;6;0;0;0;0;0;0;0;0;0;3;0;0;0;0;0;3;226;9
10401;CAIEIRAS;312;FRANCO DA ROCHA;2;6;499742;CEL JTO A EE BENEDITO FAGUNDES MARQUES;0;348;0;28;0;0;0;376;0;0;0;0;0;0;0;0;0;0;0;34;0;0;0;34;0;14;0;1;0;0;0;15;0;0;0;0;0;0;0;0;0;0;0;1;0;0;0;1;410;16
10402;GUARULHOS SUL;336;GUARULHOS;2;6;985673;CEL JTO A EE ALICE CHUERY PROFESSORA;0;257;95;63;0;0;0;415;0;0;0;0;0;0;0;0;0;0;0;0;0;0;0;0;0;14;6;2;0;0;0;22;0;0;0;0;0;0;0;0;0;0;0;0;0;0;0;0;415;22
10403;GUARULHOS NORTE;336;GUARULHOS;2;6;407331;CEL JTO A EE CONRADO SIVILA ALSINA PADRE;0;381;87;129;102;0;0;699;0;0;0;0;0;0;0;0;0;0;0;0;0;0;0;0;0;26;5;5;8;0;0;44;0;0;0;0;0;0;0;0;0;0;0;0;0;0;0;0;699;44
10501;MOGI DAS CRUZES;454;MOGI DAS CRUZES;2;6;985752;CEL JTO A EE FRANCISCO FERREIRA LOPES;0;767;44;223;55;48;27;1164;0;0;0;0;0;0;0;0;0;0;0;0;0;0;0;0;0;33;4;10;4;3;2;56;0;0;0;0;0;0;0;0;0;0;0;0;0;0;0;0;1164;56
10601;DIADEMA;286;DIADEMA;2;6;499161;CEL JTO A EE ORIGENES LESSA;24;196;0;36;0;0;0;256;0;0;0;0;0;0;0;0;0;0;0;0;0;0;0;0;2;9;0;2;0;0;0;13;0;0;0;0;0;0;0;0;0;0;0;0;0;0;0;0;256;13
10602;MAUA;442;MAUA;2;6;985570;CEL JTO A EE MARLENE CAMARGO RIBEIRO;0;261;0;68;0;0;0;329;0;0;0;0;0;0;0;0;0;0;0;0;0;0;0;0;0;10;0;2;0;0;0;12;0;0;0;0;0;0;0;0;0;0;0;0;0;0;0;0;329;12
10606;SAO BERNARDO DO CAMPO;636;SAO CAETANO DO SUL;2;6;985211;CEL JTO A EE IDALINA MACEDO COSTA SODRE DONA;0;178;23;98;0;27;0;326;0;0;0;0;0;0;0;0;44;84;0;0;0;70;0;198;0;7;1;3;0;1;0;12;0;0;0;0;0;0;0;0;2;3;0;0;0;2;0;7;524;19
10102;CENTRO;100;SAO PAULO;2;6;985028;CEL JTO A EE BUENOS AIRES;60;155;122;139;0;0;0;476;0;0;0;0;0;0;0;0;0;0;0;0;0;0;0;0;3;9;8;5;0;0;0;25;0;0;0;0;0;0;0;0;0;0;0;0;0;0;0;0;476;25
10207;LESTE 1;100;SAO PAULO;2;6;985053;CEL JTO A EE NOSSA SENHORA DA PENHA;197;614;133;136;15;58;0;1153;0;0;0;0;0;0;0;0;0;0;0;0;0;0;0;0;11;29;7;5;1;3;0;56;0;0;0;0;0;0;0;0;0;0;0;0;0;0;0;0;1153;56
10207;LESTE 1;100;SAO PAULO;2;6;985065;CEL JTO A EE ERMELINO MATARAZZO;0;278;106;100;0;0;0;484;0;0;0;0;0;0;0;0;0;0;12;0;0;0;0;12;0;12;5;5;0;0;0;22;0;0;0;0;0;0;0;0;0;0;1;0;0;0;0;1;496;23
10208;LESTE 4;100;SAO PAULO;2;6;411875;CEL JTO A EE DONA ZALINA ROLIM;0;155;0;80;0;0;0;235;0;0;0;0;0;0;0;0;0;0;0;0;0;0;0;0;0;9;0;3;0;0;0;12;0;0;0;0;0;0;0;0;0;0;0;0;0;0;0;0;235;12
10210;LESTE 2;100;SAO PAULO;2;6;458272;CEL JTO A EE DOM PEDRO I;21;44;30;33;0;38;0;166;0;0;0;0;0;0;0;0;0;439;119;197;13;0;0;768;1;2;1;1;0;2;0;7;0;0;0;0;0;0;0;0;0;16;5;7;1;0;0;29;934;36
10211;LESTE 3;100;SAO PAULO;2;6;985089;CEL JTO A EE FADLO HAIDAR;68;936;191;324;37;140;0;1696;0;0;0;0;0;0;0;0;0;0;0;0;0;0;0;0;3;37;8;11;2;6;0;67;0;0;0;0;0;0;0;0;0;0;0;0;0;0;0;0;1696;67
10312;CENTRO OESTE;100;SAO PAULO;2;6;431850;CEL JTO A EE ANHANGUERA;0;28;0;12;0;0;0;40;0;0;0;0;0;0;0;0;0;0;0;0;0;0;0;0;0;2;0;1;0;0;0;3;0;0;0;0;0;0;0;0;0;0;0;0;0;0;0;0;40;3
10312;CENTRO OESTE;100;SAO PAULO;2;6;985132;CEL JTO A EE RUI BLOEM;0;229;43;49;0;64;0;385;0;0;0;0;0;0;0;0;0;57;0;30;11;0;0;98;0;15;3;2;0;4;0;24;0;0;0;0;0;0;0;0;0;3;0;1;1;0;0;5;483;29
10316;CENTRO SUL;100;SAO PAULO;2;6;985120;CEL JTO A EE ALEXANDRE DE GUSMAO;29;285;107;24;25;99;0;569;0;0;0;0;0;0;0;0;0;0;0;0;0;0;0;0;2;15;6;1;1;7;0;32;0;0;0;0;0;0;0;0;0;0;0;0;0;0;0;0;569;32
10318;SUL 3;100;SAO PAULO;2;6;458351;CEL JTO A EE ESTHER GARCIA PROFA;18;28;0;0;0;0;0;46;0;0;0;0;0;0;0;0;0;14;0;0;0;0;0;14;1;2;0;0;0;0;0;3;0;0;0;0;0;0;0;0;0;1;0;0;0;0;0;1;60;4
10502;SUZANO;672;SUZANO;2;6;985181;CEL JTO A EE RAUL BRASIL PROFESSOR;0;739;150;29;0;75;0;993;0;0;0;0;0;0;0;0;0;0;0;0;0;0;0;0;0;46;9;1;0;6;0;62;0;0;0;0;0;0;0;0;0;0;0;0;0;0;0;0;993;62
10503;ITAQUAQUECETUBA;379;ITAQUAQUECETUBA;2;6;458545;CEL JTO A EE ZILDA BRACONI AMADOR PROFA;0;89;0;46;0;0;0;135;0;0;0;0;0;0;0;0;0;0;0;0;0;0;0;0;0;7;0;2;0;0;0;9;0;0;0;0;0;0;0;0;0;0;0;0;0;0;0;0;135;9
10503;ITAQUAQUECETUBA;546;POA;2;6;446026;CEL JTO A EE PAULO EDUARDO OLINTHO REHDER JORNALISTA;0;142;0;62;0;0;0;204;0;0;0;0;0;0;0;0;0;0;0;0;0;0;0;0;0;8;0;2;0;0;0;10;0;0;0;0;0;0;0;0;0;0;0;0;0;0;0;0;204;10
10602;MAUA;442;MAUA;2;6;458570;CEL JTO A EE OLAVO HANSEN;0;360;0;33;0;0;0;393;0;0;0;0;0;0;0;0;0;38;0;33;0;0;0;71;0;14;0;1;0;0;0;15;0;0;0;0;0;0;0;0;0;2;0;1;0;0;0;3;464;18
10602;MAUA;581;RIBEIRAO PIRES;2;6;458557;CEL JTO A EE FELICIO LAURITO DR;0;16;0;0;0;0;0;16;0;0;0;0;0;0;0;0;0;0;0;0;0;0;0;0;0;1;0;0;0;0;0;1;0;0;0;0;0;0;0;0;0;0;0;0;0;0;0;0;16;1
10606;SAO BERNARDO DO CAMPO;635;SAO BERNARDO DO CAMPO;2;6;985200;CEL JTO A EE 20 DE AGOSTO;12;313;0;0;0;0;0;325;0;0;0;0;0;0;0;0;0;0;0;0;0;0;0;0;1;11;0;0;0;0;0;12;0;0;0;0;0;0;0;0;0;0;0;0;0;0;0;0;325;12
20102;SANTOS;335;GUARUJA;2;6;460345;CEL JTO A EE MARCILIO DIAS;0;18;0;27;3;0;0;48;0;0;0;0;0;0;0;0;0;0;0;0;0;0;0;0;0;3;0;1;1;0;0;5;0;0;0;0;0;0;0;0;0;0;0;0;0;0;0;0;48;5
10104;NORTE 2;100;SAO PAULO;2;6;458314;CEL JTO A EE VERIDIANA CAMACHO CARVALHO GOMES PROFA;0;75;0;0;0;0;0;75;0;0;0;0;0;0;0;0;0;0;0;0;0;0;0;0;0;5;0;0;0;0;0;5;0;0;0;0;0;0;0;0;0;0;0;0;0;0;0;0;75;5
10104;NORTE 2;100;SAO PAULO;2;6;985016;CEL JTO A EE ALBINO CESAR;0;111;0;76;0;0;0;187;0;0;0;0;0;0;0;0;0;0;0;0;0;0;0;0;0;8;0;3;0;0;0;11;0;0;0;0;0;0;0;0;0;0;0;0;0;0;0;0;187;11
10205;LESTE 5;100;SAO PAULO;2;6;985041;CEL JTO A EE JOAO DIAS DA SILVEIRA PROFESSOR;10;137;75;67;0;0;0;289;0;0;0;0;0;0;0;0;20;160;0;47;0;0;0;227;1;8;3;3;0;0;0;15;0;0;0;0;0;0;0;0;1;7;0;2;0;0;0;10;516;25
10205;LESTE 5;100;SAO PAULO;2;6;985685;CEL JTO A EE PAULO EGYDIO O CARVALHO SENADOR;0;78;52;100;0;0;0;230;0;0;0;0;0;0;0;0;29;149;60;67;0;0;0;305;0;5;3;3;0;0;0;11;0;0;0;0;0;0;0;0;2;6;4;2;0;0;0;14;535;25
10317;SUL 1;100;SAO PAULO;2;6;5029;CEL JTO A EE MEXICO;0;113;0;31;0;0;0;144;0;0;0;0;0;0;0;0;0;0;0;0;0;0;0;0;0;5;0;2;0;0;0;7;0;0;0;0;0;0;0;0;0;0;0;0;0;0;0;0;144;7
10317;SUL 1;100;SAO PAULO;2;6;482341;CEL JTO A EE PLINIO NEGRAO;61;173;90;56;13;61;0;454;0;0;0;0;0;0;0;0;53;47;14;79;26;43;0;262;4;10;4;3;1;4;0;26;0;0;0;0;0;0;0;0;3;2;1;4;2;2;0;14;716;40
10401;CAIEIRAS;241;CAJAMAR;2;6;458405;CEL JTO A EE WALTER RIBAS DE ANDRADE PROF;0;0;0;19;0;0;0;19;0;0;0;0;0;0;0;0;0;7;0;83;0;0;0;90;0;0;0;1;0;0;0;1;0;0;0;0;0;0;0;0;0;1;0;3;0;0;0;4;109;5
10501;MOGI DAS CRUZES;454;MOGI DAS CRUZES;2;6;458594;CEL JTO A EE FIRMINO LADEIRA PROF;0;214;47;31;0;61;0;353;0;0;0;0;0;0;0;0;0;0;0;0;0;0;0;0;0;14;5;3;0;5;0;27;0;0;0;0;0;0;0;0;0;0;0;0;0;0;0;0;353;27
10603;SANTO ANDRE;626;SANTO ANDRE;2;6;985193;CEL JTO A EE PROF AMARAL WAGNER;0;338;117;0;0;0;0;455;0;0;0;0;0;0;0;0;0;0;0;0;0;0;0;0;0;18;8;0;0;0;0;26;0;0;0;0;0;0;0;0;0;0;0;0;0;0;0;0;455;26
10701;CARAPICUIBA;278;COTIA;2;6;985223;CEL JTO A EE PEDRO CASEMIRO LEITE PROFESSOR;11;356;0;100;66;92;0;625;0;0;0;0;0;0;0;0;7;0;0;0;17;14;0;38;2;19;0;4;4;5;0;34;0;0;0;0;0;0;0;0;1;0;0;0;1;1;0;3;663;37
10702;ITAPECERICA DA SERRA;299;EMBU-GUACU;2;6;6049;CEL JTO A EE PASCHOAL CARLOS MAGNO;0;28;0;0;0;0;0;28;0;0;0;0;0;0;0;0;0;0;0;0;0;0;0;0;0;1;0;0;0;0;0;1;0;0;0;0;0;0;0;0;0;0;0;0;0;0;0;0;28;1
10702;ITAPECERICA DA SERRA;370;ITAPECERICA DA SERRA;2;6;434848;CEL JTO A EE NATERCIA CREMM DE MORAES PEDRO PROFESSORA;0;0;0;0;0;0;0;0;0;0;0;0;0;0;0;0;0;44;0;0;0;0;0;44;0;0;0;0;0;0;0;0;0;0;0;0;0;0;0;0;0;2;0;0;0;0;0;2;44;2
10702;ITAPECERICA DA SERRA;410;JUQUITIBA;2;6;6419;CEL JTO A EE OREDO RODRIGUES DA CRUZ;0;0;0;0;0;0;0;0;0;0;0;0;0;0;0;0;0;58;0;0;0;0;0;58;0;0;0;0;0;0;0;0;0;0;0;0;0;0;0;0;0;2;0;0;0;0;0;2;58;2
10704;OSASCO;492;OSASCO;2;6;985235;CEL JTO A EE ANTONIO RAPOSO TAVARES;0;444;138;67;29;0;0;678;0;0;0;0;0;0;0;0;0;0;0;0;0;0;0;0;0;17;8;2;1;0;0;28;0;0;0;0;0;0;0;0;0;0;0;0;0;0;0;0;678;28
20103;SAO VICENTE;459;MONGAGUA;2;6;464004;CEL JTO A EE AIDA LEDA BAUER DAVIES PROFESSORA;0;21;0;0;0;0;0;21;0;0;0;0;0;0;0;0;0;0;0;0;0;0;0;0;0;2;0;0;0;0;0;2;0;0;0;0;0;0;0;0;0;0;0;0;0;0;0;0;21;2
20103;SAO VICENTE;558;PRAIA GRANDE;2;6;435752;CEL JTO A EE REYNALDO KUNTZ BUSCH DOUTOR;0;196;35;105;0;0;0;336;0;0;0;0;0;0;0;0;0;155;0;48;0;0;0;203;0;9;2;4;0;0;0;15;0;0;0;0;0;0;0;0;0;6;0;2;0;0;0;8;539;23
20202;GUARATINGUETA;332;GUARATINGUETA;2;6;985557;CEL JTO A EE RODRIGUES ALVES CONSELHEIRO;32;185;0;94;25;0;0;336;0;0;0;0;0;0;0;0;28;274;0;95;0;0;0;397;2;9;0;3;1;0;0;15;0;0;0;0;0;0;0;0;1;9;0;3;0;0;0;13;733;28
10701;CARAPICUIBA;255;CARAPICUIBA;2;6;407410;CEL JTO A EE WILLIAN RODRIGUES REBUA;0;286;109;52;0;0;0;447;0;0;0;0;0;0;0;0;0;0;0;0;0;0;0;0;0;11;5;2;0;0;0;18;0;0;0;0;0;0;0;0;0;0;0;0;0;0;0;0;447;18
10702;ITAPECERICA DA SERRA;370;ITAPECERICA DA SERRA;2;6;985697;CEL JTO A EE ASA BRANCA DA SERRA;0;73;0;35;0;0;0;108;0;0;0;0;0;0;0;0;0;0;0;35;0;0;0;35;0;3;0;1;0;0;0;4;0;0;0;0;0;0;0;0;0;0;0;1;0;0;0;1;143;5
10704;OSASCO;492;OSASCO;2;6;458624;CEL JTO A EE JOAO BAPTISTA DE BRITO PROF;0;139;0;0;0;0;0;139;0;0;0;0;0;0;0;0;0;0;0;0;0;0;0;0;0;6;0;0;0;0;0;6;0;0;0;0;0;0;0;0;0;0;0;0;0;0;0;0;139;6
20102;SANTOS;335;GUARUJA;2;6;460370;CEL JTO A PROFA THEREZA SILVEIRA DE ALMEIDA;0;32;0;31;0;0;0;63;0;0;0;0;0;0;0;0;0;0;0;0;0;0;0;0;0;3;0;1;0;0;0;4;0;0;0;0;0;0;0;0;0;0;0;0;0;0;0;0;63;4
20103;SAO VICENTE;657;SAO VICENTE;2;6;985247;CEL JTO A EE MARTIM AFONSO;0;235;92;120;0;42;0;489;0;0;0;0;0;0;0;0;0;0;0;0;0;0;0;0;0;12;4;4;0;2;0;22;0;0;0;0;0;0;0;0;0;0;0;0;0;0;0;0;489;22
20202;GUARATINGUETA;282;CRUZEIRO;2;6;985260;CEL JTO A EE OSVALDO CRUZ;0;0;0;0;0;0;0;0;0;0;0;0;0;0;0;0;0;24;0;35;0;0;0;59;0;0;0;0;0;0;0;0;0;0;0;0;0;0;0;0;0;1;0;1;0;0;0;2;59;2
20204;PINDAMONHANGABA;528;PINDAMONHANGABA;2;6;474770;CEL JTO A EE ANTONIA CARLOTA GOMES PROFESSORA;0;64;0;0;0;0;0;64;0;0;0;0;0;0;0;0;0;0;0;0;0;0;0;0;0;5;0;0;0;0;0;5;0;0;0;0;0;0;0;0;0;0;0;0;0;0;0;0;64;5
20304;ITAPETININGA;687;TATUI;2;6;459288;CEL JTO A EE CHICO PEREIRA;0;36;0;73;0;0;0;109;0;0;0;0;0;0;0;0;0;0;0;0;0;0;0;0;0;1;0;3;0;0;0;4;0;0;0;0;0;0;0;0;0;0;0;0;0;0;0;0;109;4
20305;ITAPEVA;251;CAPAO BONITO;2;6;459495;CEL JTO A EE RAUL VENTURELLI DR;0;138;0;137;0;0;0;275;0;0;0;0;0;0;0;0;0;22;0;0;0;0;0;22;0;7;0;5;0;0;0;12;0;0;0;0;0;0;0;0;0;1;0;0;0;0;0;1;297;13
20306;ITU;554;PORTO FELIZ;2;6;459549;CEL JTO A EE SECKLER MONSENHOR;0;0;0;18;0;24;0;42;0;0;0;0;0;0;0;0;0;0;0;0;0;0;0;0;0;0;0;1;0;1;0;2;0;0;0;0;0;0;0;0;0;0;0;0;0;0;0;0;42;2
20310;VOTORANTIM;717;VOTORANTIM;2;6;438030;CEL JTO A EE DANIEL VERANO PROFESSOR;4;190;45;84;23;0;0;346;0;0;0;0;0;0;0;0;0;0;0;0;0;0;0;0;1;10;3;3;1;0;0;18;0;0;0;0;0;0;0;0;0;0;0;0;0;0;0;0;346;18
20311;PIRAJU;537;PIRAJU;2;6;460382;CEL JTO A EE JOAQUIM GUILHERME MOREIRA PORTO DR;0;295;28;56;0;19;0;398;0;0;0;0;0;0;0;0;0;106;18;29;0;20;0;173;0;16;2;2;0;2;0;22;0;0;0;0;0;0;0;0;0;4;1;1;0;1;0;7;571;29
20403;BRAGANCA PAULISTA;225;BRAGANCA PAULISTA;2;6;458375;CEL JTO A EE ALCINDO BUENO DE ASSIS MINISTRO;0;3;0;0;0;0;0;3;0;0;0;0;0;0;0;0;0;0;0;0;0;0;0;0;0;1;0;0;0;0;0;1;0;0;0;0;0;0;0;0;0;0;0;0;0;0;0;0;3;1
20404;CAMPINAS OESTE;244;CAMPINAS;2;6;985600;CEL JTO A EE ORLANDO SIGNORELLI;0;145;0;22;0;0;0;167;0;0;0;0;0;0;0;0;0;0;0;0;0;0;0;0;0;6;0;1;0;0;0;7;0;0;0;0;0;0;0;0;0;0;0;0;0;0;0;0;167;7
20409;MOGI MIRIM;455;MOGI GUACU;2;6;460217;CEL JTO A EE LUIZ MARTINI;0;84;0;39;0;0;0;123;0;0;0;0;0;0;0;0;0;0;0;0;0;0;0;0;0;5;0;2;0;0;0;7;0;0;0;0;0;0;0;0;0;0;0;0;0;0;0;0;123;7
20409;MOGI MIRIM;456;MOGI MIRIM;2;6;985302;CEL JTO A EE MONSENHOR NORA;0;25;0;0;0;0;0;25;0;0;0;0;0;0;0;0;0;0;0;0;0;0;0;0;0;1;0;0;0;0;0;1;0;0;0;0;0;0;0;0;0;0;0;0;0;0;0;0;25;1
20410;PIRACICABA;535;PIRACICABA;2;6;460357;CEL JTO A EE ELIAS DE MELLO AYRES PROFESSOR;0;204;0;92;0;0;0;296;0;0;0;0;0;0;0;0;0;0;0;0;0;0;0;0;0;10;0;4;0;0;0;14;0;0;0;0;0;0;0;0;0;0;0;0;0;0;0;0;296;14
20204;PINDAMONHANGABA;246;CAMPOS DO JORDAO;2;6;460254;CEL JTO A EE THEODORO CORREA CINTRA PROF;0;27;0;0;0;0;0;27;0;0;0;0;0;0;0;0;0;0;0;0;0;0;0;0;0;1;0;0;0;0;0;1;0;0;0;0;0;0;0;0;0;0;0;0;0;0;0;0;27;1
20205;SAO JOSE DOS CAMPOS;645;SAO JOSE DOS CAMPOS;2;6;460497;CEL JTO A EE JOSE VIEIRA MACEDO PROF;0;200;43;166;0;76;0;485;0;0;0;0;0;0;0;0;0;0;0;0;0;0;0;0;0;11;3;5;0;5;0;24;0;0;0;0;0;0;0;0;0;0;0;0;0;0;0;0;485;24
20206;TAUBATE;234;CACAPAVA;2;6;985740;CEL JTO A EE MINISTRO JOSE MOURA RESENDE;0;94;22;24;0;0;0;140;0;0;0;0;0;0;0;0;0;0;0;0;0;0;0;0;0;7;2;1;0;0;0;10;0;0;0;0;0;0;0;0;0;0;0;0;0;0;0;0;140;10
20302;AVARE;194;AVARE;2;6;985272;CEL JTO A EE JOAO CRUZ;39;297;61;121;55;46;0;619;0;0;0;0;0;0;0;0;0;64;0;33;0;0;0;97;4;20;5;4;3;2;0;38;0;0;0;0;0;0;0;0;0;3;0;1;0;0;0;4;716;42
20303;BOTUCATU;412;LARANJAL PAULISTA;2;6;458284;CEL JTO A EE LUIZ CAMPACCI;0;140;0;93;0;0;0;233;0;0;0;0;0;0;0;0;0;0;0;0;0;0;0;0;0;8;0;4;0;0;0;12;0;0;0;0;0;0;0;0;0;0;0;0;0;0;0;0;233;12
20304;ITAPETININGA;371;ITAPETININGA;2;6;444339;CEL JTO A EE PEIXOTO GOMIDE;0;198;49;94;27;0;0;368;0;0;0;0;0;0;0;0;0;0;0;0;0;0;0;0;0;12;2;4;1;0;0;19;0;0;0;0;0;0;0;0;0;0;0;0;0;0;0;0;368;19
20307;SAO ROQUE;653;SAO ROQUE;2;6;443475;CEL JTO A EE HORACIO MANLEY LANE;0;94;0;55;16;0;0;165;0;0;0;0;0;0;0;0;0;0;0;0;0;0;0;0;0;4;0;2;1;0;0;7;0;0;0;0;0;0;0;0;0;0;0;0;0;0;0;0;165;7
20308;SOROCABA;669;SOROCABA;2;6;417427;CEL JTO A EE JULIO PRESTES DE ALBUQUERQUE DOUTOR;74;452;90;74;40;86;0;816;0;0;0;17;0;0;0;17;23;0;0;0;0;0;0;23;6;29;8;6;5;8;0;62;0;0;0;1;0;0;0;1;1;0;0;0;0;0;0;1;856;64
20310;VOTORANTIM;252;CAPELA DO ALTO;2;6;458715;CEL JTO A EE PEDRO DIAS DE CAMPOS CEL;0;18;0;19;0;0;0;37;0;0;0;0;0;0;0;0;0;0;0;0;0;0;0;0;0;2;0;1;0;0;0;3;0;0;0;0;0;0;0;0;0;0;0;0;0;0;0;0;37;3
20310;VOTORANTIM;682;TAPIRAI;2;6;458922;CEL JTO A EE JOAO ROSA CEL;14;0;0;0;0;0;0;14;0;0;0;0;0;0;0;0;0;0;0;0;0;0;0;0;1;0;0;0;0;0;0;1;0;0;0;0;0;0;0;0;0;0;0;0;0;0;0;0;14;1
20313;ITARARE;380;ITARARE;2;6;441430;CEL JTO A EE TOME TEIXEIRA;0;27;0;28;0;0;0;55;0;0;0;0;0;0;0;0;0;47;8;0;0;0;0;55;0;1;0;1;0;0;0;2;0;0;0;0;0;0;0;0;0;2;1;0;0;0;0;3;110;5
20401;AMERICANA;165;AMERICANA;2;6;433639;CEL JTO A EE PROFA OLYMPIA BARTH DE OLIVEIRA;0;57;34;0;0;0;0;91;0;0;0;0;0;0;0;0;0;0;0;0;0;0;0;0;0;2;1;0;0;0;0;3;0;0;0;0;0;0;0;0;0;0;0;0;0;0;0;0;91;3
20407;JUNDIAI;407;JUNDIAI;2;6;985797;CEL JTO A EE MARIA DE LOURDES FRANCA SILVEIRA PROFESSORA;0;88;0;0;8;0;0;96;0;0;0;0;0;0;0;0;0;127;0;34;24;0;0;185;0;8;0;0;1;0;0;9;0;0;0;0;0;0;0;0;0;4;0;1;1;0;0;6;281;15
20408;LIMEIRA;417;LIMEIRA;2;6;985776;CEL JTO A EE CASTELO BRANCO;0;222;0;37;0;0;0;259;0;0;0;0;0;0;0;0;0;0;0;0;0;0;0;0;0;14;0;2;0;0;0;16;0;0;0;0;0;0;0;0;0;0;0;0;0;0;0;0;259;16
20408;LIMEIRA;587;RIO CLARO;2;6;459719;CEL JTO A EE JOAQUIM RIBEIRO;0;145;0;0;0;0;0;145;0;0;0;0;0;0;0;0;0;0;0;0;0;0;0;0;0;6;0;0;0;0;0;6;0;0;0;0;0;0;0;0;0;0;0;0;0;0;0;0;145;6
20413;SAO JOAO DA BOA VISTA;530;ESPIRITO SANTO DO PINHAL;2;6;460000;CEL JTO A EE LEME CARDEAL;0;71;0;25;0;0;0;96;0;0;0;0;0;0;0;0;0;0;0;0;0;0;0;0;0;4;0;1;0;0;0;5;0;0;0;0;0;0;0;0;0;0;0;0;0;0;0;0;96;5
20413;SAO JOAO DA BOA VISTA;680;TAMBAU;2;6;460205;CEL JTO A EE DONIZETTI TAVARES DE LIMA PE;0;0;0;33;0;0;0;33;0;0;0;0;0;0;0;0;0;0;0;0;0;0;0;0;0;0;0;1;0;0;0;1;0;0;0;0;0;0;0;0;0;0;0;0;0;0;0;0;33;1
20102;SANTOS;633;SANTOS;2;6;564801;CEL JTO A ZULMIRA CAMPOS;0;250;0;52;0;0;0;302;0;0;0;0;0;0;0;0;0;0;0;0;0;0;0;0;0;9;0;2;0;0;0;11;0;0;0;0;0;0;0;0;0;0;0;0;0;0;0;0;302;11
20102;SANTOS;633;SANTOS;2;6;985594;CEL JTO A EE OLGA CURY;0;63;0;0;0;0;0;63;0;0;0;0;0;0;0;0;0;0;0;0;0;0;0;0;0;2;0;0;0;0;0;2;0;0;0;0;0;0;0;0;0;0;0;0;0;0;0;0;63;2
20103;SAO VICENTE;369;ITANHAEM;2;6;985624;CEL JTO A EE BENEDITO CALIXTO;0;259;0;143;0;0;0;402;0;0;0;0;0;0;0;0;0;0;0;20;0;0;0;20;0;13;0;5;0;0;0;18;0;0;0;0;0;0;0;0;0;0;0;1;0;0;0;1;422;19
20202;GUARATINGUETA;284;CUNHA;2;6;459203;CEL JTO A EE PAULO VIRGINIO;7;48;0;21;0;0;0;76;0;0;0;0;0;0;0;0;0;135;0;26;32;0;0;193;1;3;0;1;0;0;0;5;0;0;0;0;0;0;0;0;0;5;0;1;1;0;0;7;269;12
20204;PINDAMONHANGABA;528;PINDAMONHANGABA;2;6;460278;CEL JTO A EE ALFREDO PUJOL DOUTOR;0;263;0;99;0;0;0;362;0;0;0;0;0;0;0;0;0;0;0;0;0;0;0;0;0;18;0;4;0;0;0;22;0;0;0;0;0;0;0;0;0;0;0;0;0;0;0;0;362;22
20204;PINDAMONHANGABA;695;TREMEMBE;2;6;460291;CEL JTO A EE MANUEL CABRAL;0;0;0;0;0;0;0;0;0;0;0;0;0;0;0;0;0;11;0;0;0;0;0;11;0;0;0;0;0;0;0;0;0;0;0;0;0;0;0;0;0;1;0;0;0;0;0;1;11;1
20205;SAO JOSE DOS CAMPOS;645;SAO JOSE DOS CAMPOS;2;6;985259;CEL JTO A EE ESTEVAN FERRI PROFESSOR;40;277;94;181;0;109;0;701;0;0;0;0;0;0;0;0;0;0;0;0;0;0;0;0;3;16;6;7;0;6;0;38;0;0;0;0;0;0;0;0;0;0;0;0;0;0;0;0;701;38
20207;JACAREI;392;JACAREI;2;6;459586;CEL JTO A EE FRANCISCO F FERREIRA DA SILVA PROF;0;207;0;61;0;0;0;268;0;0;0;0;0;0;0;0;0;0;0;0;0;0;0;0;0;9;0;2;0;0;0;11;0;0;0;0;0;0;0;0;0;0;0;0;0;0;0;0;268;11
20305;ITAPEVA;372;ITAPEVA;2;6;388300;CEL JTO A EE NICOTA SOARES;0;0;0;24;0;0;0;24;0;0;0;0;0;0;0;0;0;0;0;30;0;0;0;30;0;0;0;1;0;0;0;1;0;0;0;0;0;0;0;0;0;0;0;1;0;0;0;1;54;2
20306;ITU;387;ITU;2;6;985648;CEL JTO A EE REGENTE FEIJO;0;269;0;103;0;69;0;441;0;0;0;0;0;0;0;0;0;0;0;0;0;0;0;0;0;11;0;4;0;3;0;18;0;0;0;0;0;0;0;0;0;0;0;0;0;0;0;0;441;18
20306;ITU;600;SALTO;2;6;434036;CEL JTO A EE PAULA SANTOS PROFA;0;179;0;0;0;0;0;179;0;0;0;0;0;0;0;0;0;0;0;0;0;0;0;0;0;11;0;0;0;0;0;11;0;0;0;0;0;0;0;0;0;0;0;0;0;0;0;0;179;11
20307;SAO ROQUE;345;IBIUNA;2;6;466165;CEL JTO A EE MARIA ANGERAMI SCALAMANDRE;0;177;104;44;33;20;0;378;0;9;0;0;0;0;0;9;0;16;0;0;28;37;0;81;0;10;6;2;2;1;0;21;0;1;0;0;0;0;0;1;0;1;0;0;1;2;0;4;468;26
20308;SOROCABA;669;SOROCABA;2;6;985284;CEL JTO A EE ANTONIO PADILHA;99;653;145;163;0;122;0;1182;0;0;0;0;0;0;0;0;0;0;0;0;0;0;0;0;8;36;9;6;0;8;0;67;0;0;0;0;0;0;0;0;0;0;0;0;0;0;0;0;1182;67
20310;VOTORANTIM;178;ARACOIABA DA SERRA;2;6;458697;CEL JTO A EE MARIA ANGELICA BAILLOT PROFA;0;40;0;69;0;0;0;109;0;0;0;0;0;0;0;0;0;0;0;0;0;0;0;0;0;2;0;2;0;0;0;4;0;0;0;0;0;0;0;0;0;0;0;0;0;0;0;0;109;4
20310;VOTORANTIM;526;PIEDADE;2;6;446973;CEL JTO A EE CARLOS AUGUSTO DE CAMARGO PROFESSOR;6;217;22;70;0;0;0;315;0;0;0;0;0;0;0;0;0;0;0;0;0;0;0;0;1;11;1;2;0;0;0;15;0;0;0;0;0;0;0;0;0;0;0;0;0;0;0;0;315;15
20310;VOTORANTIM;527;PILAR DO SUL;2;6;458752;CEL JTO A EE ODILON BATISTA JORDAO VER;0;64;0;34;0;0;0;98;0;0;0;0;0;0;0;0;0;0;0;0;0;0;0;0;0;3;0;1;0;0;0;4;0;0;0;0;0;0;0;0;0;0;0;0;0;0;0;0;98;4
20310;VOTORANTIM;602;SALTO DE PIRAPORA;2;6;458855;CEL JTO A EE BENEDICTO RODRIGUES PROF;0;189;0;46;0;0;0;235;0;0;0;0;0;0;0;0;0;0;0;0;0;0;0;0;0;8;0;2;0;0;0;10;0;0;0;0;0;0;0;0;0;0;0;0;0;0;0;0;235;10
20415;SUMARE;671;SUMARE;2;6;985727;CEL JTO A EE JAYME DE BARROS CAMARA DOM;0;428;0;0;0;0;0;428;0;0;0;0;0;0;0;0;0;131;0;39;0;0;0;170;0;22;0;0;0;0;0;22;0;0;0;0;0;0;0;0;0;6;0;2;0;0;0;8;598;30
20415;SUMARE;748;HORTOLANDIA;2;6;459112;CEL JTO A EE LIOMAR FREITAS CAMARA PROFA;0;208;0;46;0;0;0;254;0;0;0;0;0;0;0;0;0;95;0;36;0;0;0;131;0;11;0;3;0;0;0;14;0;0;0;0;0;0;0;0;0;4;0;2;0;0;0;6;385;20
20419;CAPIVARI;253;CAPIVARI;2;6;458582;CEL JTO A EE FABIANO JOSE MOREIRA CAMARGO PADRE;0;56;0;75;0;0;0;131;0;0;0;0;0;0;0;0;0;0;0;0;0;0;0;0;0;4;0;3;0;0;0;7;0;0;0;0;0;0;0;0;0;0;0;0;0;0;0;0;131;7
20419;CAPIVARI;588;RIO DAS PEDRAS;2;6;458612;CEL JTO A EE MARIA JOSE DE AGUIAR ZEPPELINI PROFA;0;60;0;0;0;0;0;60;0;0;0;0;0;0;0;0;0;0;0;0;0;0;0;0;0;3;0;0;0;0;0;3;0;0;0;0;0;0;0;0;0;0;0;0;0;0;0;0;60;3
20502;BARRETOS;204;BARRETOS;2;6;433559;CEL JTO A EE ANTONIO OLYMPIO DOUTOR;0;0;0;0;0;43;0;43;0;0;0;0;0;0;0;0;0;0;0;0;0;0;0;0;0;0;0;0;0;2;0;2;0;0;0;0;0;0;0;0;0;0;0;0;0;0;0;0;43;2
20504;FRANCA;280;CRISTAIS PAULISTA;2;6;6271;CEL JTO A EE JOAO DE FARIA;0;180;0;24;0;0;0;204;0;0;0;0;0;0;0;0;0;0;0;0;0;0;0;0;0;8;0;1;0;0;0;9;0;0;0;0;0;0;0;0;0;0;0;0;0;0;0;0;204;9
20504;FRANCA;310;FRANCA;2;6;458831;CEL JTO A EE SUDARIO FERREIRA;0;216;0;32;0;0;0;248;0;0;0;0;0;0;0;0;0;0;0;0;0;0;0;0;0;10;0;1;0;0;0;11;0;0;0;0;0;0;0;0;0;0;0;0;0;0;0;0;248;11
20504;FRANCA;310;FRANCA;2;6;499500;CEL JTO A EE ANA MARIA JUNQUEIRA;0;0;0;0;0;25;0;25;0;0;0;0;0;0;0;0;0;188;0;35;0;0;0;223;0;0;0;0;0;1;0;1;0;0;0;0;0;0;0;0;0;8;0;1;0;0;0;9;248;10
20504;FRANCA;385;ITIRAPUA;2;6;458892;CEL JTO A EE HENRIQUE LESPINASSE PROF;0;60;0;0;0;0;0;60;0;0;0;0;0;0;0;0;0;0;0;0;0;0;0;0;0;4;0;0;0;0;0;4;0;0;0;0;0;0;0;0;0;0;0;0;0;0;0;0;60;4
20506;JABOTICABAL;210;BEBEDOURO;2;6;433548;CEL JTO A EE PARAISO CAVALCANTI DOUTOR;0;76;0;48;0;0;0;124;0;0;0;0;0;0;0;0;0;0;0;0;0;0;0;0;0;4;0;2;0;0;0;6;0;0;0;0;0;0;0;0;0;0;0;0;0;0;0;0;124;6
20506;JABOTICABAL;461;MONTE ALTO;2;6;459574;CEL JTO A EE LUIZ ZACHARIAS DE LIMA DR;0;44;0;0;0;0;47;91;0;0;0;0;0;0;0;0;0;0;0;0;0;0;0;0;0;2;0;0;0;0;2;4;0;0;0;0;0;0;0;0;0;0;0;0;0;0;0;0;91;4
20507;RIBEIRAO PRETO;582;RIBEIRAO PRETO;2;6;460461;CEL JTO A EE WALTER FERREIRA PROF;0;55;0;0;0;0;0;55;0;0;0;0;0;0;0;0;0;0;0;0;0;0;0;0;0;3;0;0;0;0;0;3;0;0;0;0;0;0;0;0;0;0;0;0;0;0;0;0;55;3
20511;TAQUARITINGA;375;ITAPOLIS;2;6;985338;CEL JTO A EE ANTONIO MORAES BARROS DR;0;57;0;33;38;0;0;128;0;0;0;0;0;0;0;0;0;0;0;0;0;0;0;0;0;3;0;1;2;0;0;6;0;0;0;0;0;0;0;0;0;0;0;0;0;0;0;0;128;6
20512;SERTAOZINHO;294;DUMONT;2;6;459264;CEL JTO A EE NESTOR GOMES DE ARAUJO PROF;0;32;0;0;0;0;0;32;0;0;0;0;0;0;0;0;0;0;0;0;0;0;0;0;0;3;0;0;0;0;0;3;0;0;0;0;0;0;0;0;0;0;0;0;0;0;0;0;32;3
20604;LINS;419;LINS;2;6;449106;CEL JTO A EE FERNANDO COSTA;0;75;11;27;0;0;0;113;0;0;0;0;0;0;0;0;0;77;22;34;0;0;0;133;0;4;1;1;0;0;0;6;0;0;0;0;0;0;0;0;0;3;1;1;0;0;0;5;246;11
20702;FERNANDOPOLIS;791;OUROESTE;2;6;458806;CEL JTO A EE SANSARA SINGH FILHO PROF;0;100;0;0;0;0;0;100;0;0;0;0;0;0;0;0;0;0;0;0;0;0;0;0;0;5;0;0;0;0;0;5;0;0;0;0;0;0;0;0;0;0;0;0;0;0;0;0;100;5
20703;JALES;396;JALES;2;6;985715;CEL JTO A EE DOM ARTUR HORSTHUIS;0;128;17;34;34;0;0;213;0;0;0;0;0;0;0;0;0;124;17;35;13;0;0;189;0;9;1;1;3;0;0;14;0;0;0;0;0;0;0;0;0;4;1;1;1;0;0;7;402;21
20704;JOSE BONIFACIO;405;JOSE BONIFACIO;2;6;985363;CEL JTO A EE SEVERINO REINO;0;251;0;76;0;0;0;327;0;0;0;0;0;0;0;0;0;0;0;0;0;0;0;0;0;13;0;3;0;0;0;16;0;0;0;0;0;0;0;0;0;0;0;0;0;0;0;0;327;16
20710;SAO JOSE DO RIO PRETO;647;SAO JOSE DO RIO PRETO;2;6;985405;CEL JTO A EE MONSENHOR GONCALVES;0;441;119;90;82;0;0;732;0;0;0;0;0;0;0;0;0;197;16;31;10;0;0;254;0;17;6;3;3;0;0;29;0;0;0;0;0;0;0;0;0;6;1;1;1;0;0;9;986;38
20904;PRESIDENTE PRUDENTE;440;MARTINOPOLIS;2;6;460485;CEL JTO A EE JOAO GOMES MARTINS CORONEL;0;9;0;0;0;0;0;9;0;0;0;0;0;0;0;0;0;0;0;0;0;0;0;0;0;1;0;0;0;0;0;1;0;0;0;0;0;0;0;0;0;0;0;0;0;0;0;0;9;1
20908;SANTO ANASTACIO;625;SANTO ANASTACIO;2;6;4989;CEL JTO A EE PROFA ALICE MACIEL SANCHES;0;3;0;0;0;0;0;3;0;0;0;0;0;0;0;0;0;0;0;0;0;0;0;0;0;1;0;0;0;0;0;1;0;0;0;0;0;0;0;0;0;0;0;0;0;0;0;0;3;1
20909;MIRANTE DO PARANAPANEMA;690;TEODORO SAMPAIO;2;6;459948;CEL JTO A EE ARTHUR RIBEIRO;0;35;0;0;0;0;0;35;0;0;0;32;0;0;0;32;0;0;0;24;0;0;0;24;0;2;0;0;0;0;0;2;0;0;0;1;0;0;0;1;0;0;0;1;0;0;0;1;91;4
21001;ASSIS;501;PALMITAL;2;6;341010;CEL JTO A EE ADALGISA CAVEZZALE DE CAMPOS PROFA;5;110;0;0;37;0;0;152;0;0;0;0;0;0;0;0;6;23;37;0;19;0;0;85;1;4;0;0;1;0;0;6;0;0;0;0;0;0;0;0;1;1;1;0;1;0;0;4;237;10
21003;MARILIA;438;MARILIA;2;6;985508;CEL JTO A EE MONSENHOR BICUDO;0;54;0;24;10;36;0;124;0;0;0;0;0;0;0;0;0;0;0;0;0;0;0;0;0;6;0;3;2;3;0;14;0;0;0;0;0;0;0;0;0;0;0;0;0;0;0;0;124;14
21101;MIRACATU;448;MIRACATU;2;6;459781;CEL JTO A EE ARMANDO GONCALVES PROF;0;197;0;27;0;0;0;224;0;0;0;0;0;0;0;0;0;0;0;0;0;0;0;0;0;7;0;1;0;0;0;8;0;0;0;0;0;0;0;0;0;0;0;0;0;0;0;0;224;8
20403;BRAGANCA PAULISTA;190;ATIBAIA;2;6;458326;CEL JTO A EE FRANCISCO DE AGUIAR PECANHA;0;44;0;9;0;0;0;53;0;0;0;0;0;0;0;0;0;0;0;0;0;0;0;0;0;3;0;1;0;0;0;4;0;0;0;0;0;0;0;0;0;0;0;0;0;0;0;0;53;4
20413;SAO JOAO DA BOA VISTA;453;MOCOCA;2;6;460011;CEL JTO A EE JUSTINO GOMES DE CASTRO MAESTRO;0;49;0;0;0;0;0;49;0;0;0;0;0;0;0;0;0;0;0;0;0;0;0;0;0;3;0;0;0;0;0;3;0;0;0;0;0;0;0;0;0;0;0;0;0;0;0;0;49;3
20415;SUMARE;748;HORTOLANDIA;2;6;446828;CEL JTO A EE HEDY MADALENA BOCCHI PROFESSORA;0;113;0;37;0;0;0;150;0;0;0;0;0;0;0;0;0;0;0;0;0;0;0;0;0;5;0;2;0;0;0;7;0;0;0;0;0;0;0;0;0;0;0;0;0;0;0;0;150;7
20501;ARARAQUARA;166;AMERICO BRASILIENSE;2;6;458173;CEL JTO A EE DINORA MARCONDES GOMES PROFA;0;51;0;48;0;0;0;99;0;0;0;0;0;0;0;0;0;0;0;0;0;0;0;0;0;5;0;2;0;0;0;7;0;0;0;0;0;0;0;0;0;0;0;0;0;0;0;0;99;7
20501;ARARAQUARA;181;ARARAQUARA;2;6;462020;CEL JTO A MARIA ISABEL RODRIGUES ORSO PROFA;4;88;0;33;55;0;0;180;0;0;0;0;0;0;0;0;5;49;37;32;0;0;0;123;1;9;0;1;6;0;0;17;0;0;0;0;0;0;0;0;1;3;2;1;0;0;0;7;303;24
20502;BARRETOS;322;GUAIRA;2;6;458193;CEL JTO A EE ENOCH GARCIA LEAL;0;94;0;0;0;0;0;94;0;0;0;0;0;0;0;0;0;0;0;0;0;0;0;0;0;5;0;0;0;0;0;5;0;0;0;0;0;0;0;0;0;0;0;0;0;0;0;0;94;5
20502;BARRETOS;487;OLIMPIA;2;6;433561;CEL JTO A EE ANTONIO AUGUSTO REIS NEVES DOUTOR;0;265;44;53;47;0;0;409;0;0;0;0;0;0;0;0;0;0;0;0;0;0;0;0;0;15;3;2;3;0;0;23;0;0;0;0;0;0;0;0;0;0;0;0;0;0;0;0;409;23
20504;FRANCA;310;FRANCA;2;6;458958;CEL JTO A EE PROFA MARIA CINTRA NUNES ROCHA  DONA BRANCA;0;43;0;0;0;0;0;43;0;0;0;0;0;0;0;0;0;18;0;0;0;0;0;18;0;2;0;0;0;0;0;2;0;0;0;0;0;0;0;0;0;1;0;0;0;0;0;1;61;3
20504;FRANCA;310;FRANCA;2;6;985818;CEL JTO A EE TORQUATO CALEIRO;0;178;21;73;10;28;0;310;0;0;0;0;0;0;0;0;0;345;0;39;17;0;0;401;0;13;3;3;1;1;0;21;0;0;0;0;0;0;0;0;0;14;0;2;1;0;0;17;711;38
20506;JABOTICABAL;334;GUARIBA;2;6;459562;CEL JTO A EE JOSE PACIFICO;0;94;0;23;0;0;0;117;0;0;0;0;0;0;0;0;0;0;0;0;0;0;0;0;0;3;0;1;0;0;0;4;0;0;0;0;0;0;0;0;0;0;0;0;0;0;0;0;117;4
20509;SAO CARLOS;341;IBATE;2;6;460266;CEL JTO A EE EDESIO CASTANHO;0;2;0;0;0;0;0;2;0;0;0;0;0;0;0;0;0;0;0;0;0;0;0;0;0;1;0;0;0;0;0;1;0;0;0;0;0;0;0;0;0;0;0;0;0;0;0;0;2;1
20511;TAQUARITINGA;344;IBITINGA;2;6;459100;CEL JTO A EE IRACEMA DE OLIVEIRA CARLOS;0;135;0;57;40;0;0;232;0;0;0;0;0;0;0;0;0;75;0;19;26;0;0;120;0;6;0;3;2;0;0;11;0;0;0;0;0;0;0;0;0;3;0;1;1;0;0;5;352;16
20511;TAQUARITINGA;684;TAQUARITINGA;2;6;985545;CEL JTO A EE CARMELA MORANO PREVIDELLI PROFA;0;0;0;0;0;0;0;0;0;0;0;0;0;0;0;0;0;216;0;51;0;0;0;267;0;0;0;0;0;0;0;0;0;0;0;0;0;0;0;0;0;7;0;2;0;0;0;9;267;9
20512;SERTAOZINHO;550;PONTAL;2;6;459173;CEL JTO A EE JOSEPHA CASTRO PROFA;0;0;0;0;0;0;0;0;0;0;0;0;0;0;0;0;0;40;0;0;0;0;0;40;0;0;0;0;0;0;0;0;0;0;0;0;0;0;0;0;0;2;0;0;0;0;0;2;40;2
20602;JAU;348;IGARACU DO TIETE;2;6;985831;CEL JTO A EE JOSE CONTI;0;14;0;0;0;0;0;14;0;0;0;0;0;0;0;0;0;112;0;0;0;0;0;112;0;1;0;0;0;0;0;1;0;0;0;0;0;0;0;0;0;4;0;0;0;0;0;4;126;5
20701;CATANDUVA;483;NOVO HORIZONTE;2;6;458788;CEL JTO A EE MARIO FLORENCE PROFESSOR;0;0;0;0;0;0;0;0;0;0;0;0;0;0;0;0;0;0;0;27;0;0;0;27;0;0;0;0;0;0;0;0;0;0;0;0;0;0;0;0;0;0;0;1;0;0;0;1;27;1
20704;JOSE BONIFACIO;451;MIRASSOL;2;6;985375;CEL JTO A EE GENARO DOMARCO;0;185;0;56;67;0;0;308;0;0;0;0;0;0;0;0;0;0;0;0;0;0;0;0;0;8;0;2;4;0;0;14;0;0;0;0;0;0;0;0;0;0;0;0;0;0;0;0;308;14
20411;PIRASSUNUNGA;182;ARARAS;2;6;460424;CEL JTO A EE IGNACIO ZURITA JUNIOR;0;41;0;0;0;0;0;41;0;0;0;0;0;0;0;0;0;0;0;0;0;0;0;0;0;2;0;0;0;0;0;2;0;0;0;0;0;0;0;0;0;0;0;0;0;0;0;0;41;2
20413;SAO JOAO DA BOA VISTA;152;AGUAI;2;6;459902;CEL JTO A EE GERALDO LOURENCO PADRE;0;72;0;29;0;0;0;101;0;0;0;0;0;0;0;0;0;0;0;0;0;0;0;0;0;5;0;1;0;0;0;6;0;0;0;0;0;0;0;0;0;0;0;0;0;0;0;0;101;6
20413;SAO JOAO DA BOA VISTA;711;VARGEM GRANDE DO SUL;2;6;459872;CEL JTO A EE BENJAMIN BASTOS;0;98;0;28;0;0;0;126;0;0;0;0;0;0;0;0;0;0;0;0;0;0;0;0;0;4;0;1;0;0;0;5;0;0;0;0;0;0;0;0;0;0;0;0;0;0;0;0;126;5
20415;SUMARE;513;PAULINIA;2;6;459124;CEL JTO A EE PORPHYRIO DA PAZ GENERAL;0;147;0;0;0;0;0;147;0;0;0;0;0;0;0;0;0;0;0;0;0;0;0;0;0;6;0;0;0;0;0;6;0;0;0;0;0;0;0;0;0;0;0;0;0;0;0;0;147;6
20419;CAPIVARI;353;INDAIATUBA;2;6;458703;CEL JTO A EE JARDIM MORADA DO SOL;0;65;0;0;0;0;0;65;0;0;0;0;0;0;0;0;0;0;0;0;0;0;0;0;0;4;0;0;0;0;0;4;0;0;0;0;0;0;0;0;0;0;0;0;0;0;0;0;65;4
20501;ARARAQUARA;181;ARARAQUARA;2;6;985314;CEL JTO A EE JOAO MANOEL DO AMARAL;12;412;60;129;15;0;0;628;0;0;0;0;0;0;0;0;0;0;0;0;0;0;0;0;1;21;3;5;1;0;0;31;0;0;0;0;0;0;0;0;0;0;0;0;0;0;0;0;628;31
20501;ARARAQUARA;441;MATAO;2;6;447341;CEL JTO A EE HENRIQUE MORATO PROF;0;254;36;112;27;0;0;429;0;0;0;0;0;0;0;0;0;0;0;0;0;0;0;0;0;16;2;4;2;0;0;24;0;0;0;0;0;0;0;0;0;0;0;0;0;0;0;0;429;24
20504;FRANCA;310;FRANCA;2;6;498981;CEL JTO A EE PROF HELIO PALERMO;0;93;0;9;0;23;0;125;0;0;0;0;0;0;0;0;0;40;0;20;0;0;0;60;0;6;0;1;0;3;0;10;0;0;0;0;0;0;0;0;0;2;0;1;0;0;0;3;185;13
20504;FRANCA;310;FRANCA;2;6;499511;CEL JTO A EE PEDRO NUNES DA ROCHA PROF;0;31;49;18;0;0;0;98;0;0;0;0;0;0;0;0;0;248;0;31;0;0;0;279;0;1;2;1;0;0;0;4;0;0;0;0;0;0;0;0;0;10;0;1;0;0;0;11;377;15
20509;SAO CARLOS;637;SAO CARLOS;2;6;457711;CEL JTO A EE ALVARO GUIAO DOUTOR;41;178;10;86;21;0;0;336;0;0;0;0;0;0;0;0;23;147;0;34;45;0;0;249;3;10;2;3;2;0;0;20;0;0;0;0;0;0;0;0;2;5;0;1;2;0;0;10;585;30
20510;SAO JOAQUIM DA BARRA;642;SAO JOAQUIM DA BARRA;2;6;459720;CEL JTO A EE MANOEL GOUVEIA DE LIMA;0;71;0;0;0;0;0;71;0;0;0;0;0;0;0;0;0;0;0;0;0;0;0;0;0;5;0;0;0;0;0;5;0;0;0;0;0;0;0;0;0;0;0;0;0;0;0;0;71;5
20601;BAURU;209;BAURU;2;6;985582;CEL JTO A EE CHRISTINO CABRAL PROF;0;171;0;50;0;74;0;295;0;0;0;0;0;0;0;0;0;0;0;0;0;0;0;0;0;11;0;2;0;5;0;18;0;0;0;0;0;0;0;0;0;0;0;0;0;0;0;0;295;18
20601;BAURU;416;LENCOIS PAULISTA;2;6;458211;CEL JTO A EE VIRGILIO CAPOANI;0;216;0;46;0;0;0;262;0;0;0;0;0;0;0;0;0;0;0;0;0;0;0;0;0;13;0;4;0;0;0;17;0;0;0;0;0;0;0;0;0;0;0;0;0;0;0;0;262;17
20602;JAU;289;DOIS CORREGOS;2;6;459598;CEL JTO A EE JOSE ALVES MIRA;0;58;20;22;0;0;0;100;0;0;0;0;0;0;0;0;0;115;0;32;0;0;0;147;0;2;1;1;0;0;0;4;0;0;0;0;0;0;0;0;0;4;0;1;0;0;0;5;247;9
20602;JAU;401;JAU;2;6;985348;CEL JTO A EE MAJOR PRADO;0;196;44;71;0;0;0;311;0;0;0;0;0;0;0;0;0;100;0;73;0;0;0;173;0;14;5;2;0;0;0;21;0;0;0;0;0;0;0;0;0;4;0;2;0;0;0;6;484;27
20701;CATANDUVA;260;CATANDUVA;2;6;363613;CEL JTO A EE BARAO DO RIO BRANCO;0;157;40;59;57;0;19;332;0;0;0;0;0;0;0;0;0;171;0;31;8;0;9;219;0;8;2;2;2;0;1;15;0;0;0;0;0;0;0;0;0;6;0;1;1;0;1;9;551;24
20702;FERNANDOPOLIS;304;FERNANDOPOLIS;2;6;985824;CEL JTO A EE JOAQUIM ANTONIO PEREIRA;0;219;32;102;21;0;0;374;0;0;0;0;0;0;0;0;0;123;24;22;0;0;0;169;0;10;1;3;1;0;0;15;0;0;0;0;0;0;0;0;0;5;1;1;0;0;0;7;543;22
20711;VOTUPORANGA;718;VOTUPORANGA;2;6;985739;CEL JTO A EE JOSE MANOEL LOBO DR;0;98;46;64;0;0;0;208;0;0;0;0;0;0;0;0;0;80;0;58;0;0;0;138;0;4;2;2;0;0;0;8;0;0;0;0;0;0;0;0;0;3;0;2;0;0;0;5;346;13
20802;ARACATUBA;177;ARACATUBA;2;6;985417;CEL JTO A EE MANOEL BENTO DA CRUZ;0;362;58;106;8;0;0;534;0;0;0;0;0;0;0;0;0;0;0;0;0;0;0;0;0;18;4;5;1;0;0;28;0;0;0;0;0;0;0;0;0;0;0;0;0;0;0;0;534;28
20804;PENAPOLIS;521;PENAPOLIS;2;6;460242;CEL JTO A EE ADELINO PETERS;0;181;0;60;0;131;0;372;0;0;0;0;0;0;0;0;0;0;0;0;0;0;0;0;0;9;0;2;0;6;0;17;0;0;0;0;0;0;0;0;0;0;0;0;0;0;0;0;372;17
20901;ADAMANTINA;494;OSVALDO CRUZ;2;6;985430;CEL JTO A EE OSVALDO MARTINS;0;40;0;7;0;0;0;47;0;0;0;0;0;0;0;0;0;0;0;0;0;0;0;0;0;3;0;1;0;0;0;4;0;0;0;0;0;0;0;0;0;0;0;0;0;0;0;0;47;4
20904;PRESIDENTE PRUDENTE;562;PRESIDENTE PRUDENTE;2;6;985442;CEL JTO A EE MONSENHOR SARRION;0;185;36;24;0;14;0;259;0;0;0;0;0;0;0;0;0;94;15;0;6;7;0;122;0;9;2;1;0;1;0;13;0;0;0;0;0;0;0;0;0;3;1;0;1;1;0;6;381;19
20909;MIRANTE DO PARANAPANEMA;450;MIRANTE DO PARANAPANEMA;2;6;459859;CEL JTO A EE JOSE QUIRINO CAVALCANTE;0;99;0;31;0;0;0;130;0;0;0;0;0;0;0;0;0;0;0;0;0;0;0;0;0;6;0;1;0;0;0;7;0;0;0;0;0;0;0;0;0;0;0;0;0;0;0;0;130;7
21001;ASSIS;189;ASSIS;2;6;428760;CEL JTO A EE PROF CARLOS ALBERTO DE OLIVEIRA;10;195;14;35;29;17;0;300;0;0;0;0;0;0;0;0;0;127;16;43;27;25;0;238;1;13;1;2;3;2;0;22;0;0;0;0;0;0;0;0;0;5;1;2;2;1;0;11;538;33
21001;ASSIS;436;MARACAI;2;6;985485;CEL JTO A EE MARIA APARECIDA GALHARINI DOS SANTOS PROFA;0;36;0;0;0;0;0;36;0;0;0;0;0;0;0;0;0;0;0;0;0;0;0;0;0;2;0;0;0;0;0;2;0;0;0;0;0;0;0;0;0;0;0;0;0;0;0;0;36;2
21006;TUPA;697;TUPA;2;6;985512;CEL JTO A EE INDIA VANUIRE;0;25;0;0;30;0;0;55;0;0;0;0;0;0;0;0;0;0;0;0;7;0;0;7;0;3;0;0;3;0;0;6;0;0;0;0;0;0;0;0;0;0;0;0;1;0;0;1;62;7
20703;JALES;614;SANTA FE DO SUL;2;6;985806;CEL JTO A EE ITAEL DE MATOS PROFESSOR;0;229;42;58;6;0;0;335;0;0;0;0;0;0;0;0;0;137;5;67;0;0;0;209;0;12;2;2;1;0;0;17;0;0;0;0;0;0;0;0;0;6;1;2;0;0;0;9;544;26
20710;SAO JOSE DO RIO PRETO;478;NOVA GRANADA;2;6;985399;CEL JTO A EE FRANCISCO MARQUES PINTO;0;50;21;34;0;0;0;105;0;0;0;0;0;0;0;0;0;129;0;34;21;0;0;184;0;2;1;1;0;0;0;4;0;0;0;0;0;0;0;0;0;6;0;1;1;0;0;8;289;12
20803;BIRIGUI;214;BIRIGUI;2;6;433640;CEL JTO A EE STELIO MACHADO LOUREIRO PROFESSOR;0;363;0;47;0;0;0;410;0;0;0;0;0;0;0;0;0;0;0;0;0;0;0;0;0;15;0;3;0;0;0;18;0;0;0;0;0;0;0;0;0;0;0;0;0;0;0;0;410;18
20901;ADAMANTINA;150;ADAMANTINA;2;6;985429;CEL JTO A EE FLEURIDES CAVALINI MENECHINO PROFA;0;12;0;0;0;0;0;12;0;0;0;0;0;0;0;0;0;0;0;0;0;0;0;0;0;2;0;0;0;0;0;2;0;0;0;0;0;0;0;0;0;0;0;0;0;0;0;0;12;2
20901;ADAMANTINA;292;DRACENA;2;6;458090;CEL JTO A EE ENGENHEIRO ISAC PEREIRA GARCEZ;0;45;0;8;0;0;0;53;0;0;0;0;0;0;0;0;0;0;0;0;0;0;0;0;0;3;0;1;0;0;0;4;0;0;0;0;0;0;0;0;0;0;0;0;0;0;0;0;53;4
20901;ADAMANTINA;408;JUNQUEIROPOLIS;2;6;458119;CEL JTO A EE IDENE RODRIGUES DOS SANTOS PROF;0;144;0;35;0;0;0;179;0;0;0;0;0;0;0;0;0;0;0;0;0;0;0;0;0;6;0;2;0;0;0;8;0;0;0;0;0;0;0;0;0;0;0;0;0;0;0;0;179;8
21001;ASSIS;503;PARAGUACU PAULISTA;2;6;985521;CEL JTO A EE DIVA FIGUEIREDO DA SILVEIRA;0;9;0;0;0;0;0;9;0;0;0;0;0;0;0;0;0;0;0;0;0;0;0;0;0;1;0;0;0;0;0;1;0;0;0;0;0;0;0;0;0;0;0;0;0;0;0;0;9;1
21003;MARILIA;315;GARCA;2;6;985491;CEL JTO A EE PROFA LYDIA YVONE GOMES MARQUES;0;0;0;0;0;0;0;0;0;0;0;0;0;0;0;0;0;41;28;30;0;0;0;99;0;0;0;0;0;0;0;0;0;0;0;0;0;0;0;0;0;2;1;1;0;0;0;4;99;4
21003;MARILIA;548;POMPEIA;2;6;459768;CEL JTO A EE CULTURA E LIBERDADE;0;97;0;0;0;0;0;97;0;0;0;0;0;0;0;0;0;0;0;0;0;0;0;0;0;8;0;0;0;0;0;8;0;0;0;0;0;0;0;0;0;0;0;0;0;0;0;0;97;8
21004;OURINHOS;495;OURINHOS;2;6;363625;CEL JTO A EE DOMINGOS CAMERLINGO CALO;0;13;0;0;0;0;0;13;0;0;0;0;0;0;0;0;0;148;0;32;0;0;0;180;0;1;0;0;0;0;0;1;0;0;0;0;0;0;0;0;0;6;0;1;0;0;0;7;193;8
21004;OURINHOS;612;SANTA CRUZ DO RIO PARDO;2;6;460230;CEL JTO A EE LEONIDAS DO AMARAL VIEIRA;0;0;0;0;0;0;0;0;0;0;0;0;0;0;0;0;0;79;0;65;0;0;0;144;0;0;0;0;0;0;0;0;0;0;0;0;0;0;0;0;0;5;0;2;0;0;0;7;144;7
21102;REGISTRO;574;REGISTRO;2;6;985533;CEL JTO A EE FABIO BARRETO DOUTOR;0;243;0;89;0;53;0;385;0;0;0;0;0;0;0;0;0;0;0;0;0;0;0;0;0;13;0;4;0;4;0;21;0;0;0;0;0;0;0;0;0;0;0;0;0;0;0;0;385;21
