CDREDE;DE;CODMUN;MUN;CATEG;TIPOESC;COD_ESC;NOMESC;AL_ALEMAO_DU;AL_ESPANHOL_DU;AL_FRANCES_DU;AL_INGLES_DU;AL_ITALIANO_DU;AL_JAPONES_DU;AL_MANDARIM_DU;TOTAL_AL_DU;AL_ALEMAO_SAB_SEMANA;AL_ESPANHOL_SAB_SEMANA;AL_FRANCES_SAB_SEMANA;AL_INGLES_SAB_SEMANA;AL_ITALIANO_SAB_SEMANA;AL_JAPONES_SAB_SEMANA;AL_MANDARIM_SAB_SEMANA;TOTAL_AL_SAB_SEMANA;AL_ALEMAO_SAB;AL_ESPANHOL_SAB;AL_FRANCES_SAB;AL_INGLES_SAB;AL_ITALIANO_SAB;AL_JAPONES_SAB;AL_MANDARIM_SAB;TOTAL_AL_SAB;CL_ALEMAO_DU;CL_ESPANHOL_DU;CL_FRANCES_DU;CL_INGLES_DU;CL_ITALIANO_DU;CL_JAPONES_DU;CL_MANDARIM_DU;TOTAL_CL_DU;CL_ALEMAO_SAB_SEMANA;CL_ESPANHOL_SAB_SEMANA;CL_FRANCES_SAB_SEMANA;CL_INGLES_SAB_SEMANA;CL_ITALIANO_SAB_SEMANA;CL_JAPONES_SAB_SEMANA;CL_MANDARIM_SAB_SEMANA;TOTAL_CL_SAB_SEMANA;CL_ALEMAO_SAB;CL_ESPANHOL_SAB;CL_FRANCES_SAB;CL_INGLES_SAB;CL_ITALIANO_SAB;CL_JAPONES_SAB;CL_MANDARIM_SAB;TOTAL_CL_SAB;TOTAL_TOTAL_AL;TOTAL_TOTAL_CL
10102;CENTRO;100;SAO PAULO;2;6;985028;CEL JTO A EE BUENOS AIRES;0;0;0;88;0;0;0;88;0;0;0;0;0;0;0;0;0;0;0;0;0;0;0;0;0;0;0;3;0;0;0;3;0;0;0;0;0;0;0;0;0;0;0;0;0;0;0;0;88;3
10102;CENTRO;100;SAO PAULO;2;6;985107;CEL JTO A EE MAURO DE OLIVEIRA PROFESSOR;0;0;0;46;0;0;0;46;0;0;0;0;0;0;0;0;0;0;0;0;0;0;0;0;0;0;0;2;0;0;0;2;0;0;0;0;0;0;0;0;0;0;0;0;0;0;0;0;46;2
10104;NORTE 2;100;SAO PAULO;2;6;985016;CEL JTO A EE ALBINO CESAR;0;0;0;39;0;0;0;39;0;0;0;0;0;0;0;0;0;0;0;0;0;0;0;0;0;0;0;2;0;0;0;2;0;0;0;0;0;0;0;0;0;0;0;0;0;0;0;0;39;2
10205;LESTE 5;100;SAO PAULO;2;6;458296;CEL JTO A EE JOSE MARQUES DA CRUZ PROF;0;0;0;36;0;0;0;36;0;0;0;0;0;0;0;0;0;0;0;36;0;0;0;36;0;0;0;2;0;0;0;2;0;0;0;0;0;0;0;0;0;0;0;2;0;0;0;2;72;4
10205;LESTE 5;100;SAO PAULO;2;6;985041;CEL JTO A EE JOAO DIAS DA SILVEIRA PROFESSOR;0;0;0;31;0;0;0;31;0;0;0;0;0;0;0;0;0;0;0;25;0;0;0;25;0;0;0;2;0;0;0;2;0;0;0;0;0;0;0;0;0;0;0;2;0;0;0;2;56;4
10205;LESTE 5;100;SAO PAULO;2;6;985685;CEL JTO A EE PAULO EGYDIO O CARVALHO SENADOR;0;0;0;30;0;0;0;30;0;0;0;0;0;0;0;0;0;0;0;52;0;0;0;52;0;0;0;1;0;0;0;1;0;0;0;0;0;0;0;0;0;0;0;3;0;0;0;3;82;4
10207;LESTE 1;100;SAO PAULO;2;6;985053;CEL JTO A EE NOSSA SENHORA DA PENHA;0;0;0;75;0;0;0;75;0;0;0;0;0;0;0;0;0;0;0;0;0;0;0;0;0;0;0;3;0;0;0;3;0;0;0;0;0;0;0;0;0;0;0;0;0;0;0;0;75;3
10207;LESTE 1;100;SAO PAULO;2;6;985065;CEL JTO A EE ERMELINO MATARAZZO;0;0;0;103;0;0;0;103;0;0;0;0;0;0;0;0;0;0;0;0;0;0;0;0;0;0;0;4;0;0;0;4;0;0;0;0;0;0;0;0;0;0;0;0;0;0;0;0;103;4
10208;LESTE 4;100;SAO PAULO;2;6;411875;CEL JTO A EE DONA ZALINA ROLIM;0;0;0;47;0;0;0;47;0;0;0;0;0;0;0;0;0;0;0;0;0;0;0;0;0;0;0;3;0;0;0;3;0;0;0;0;0;0;0;0;0;0;0;0;0;0;0;0;47;3
10210;LESTE 2;100;SAO PAULO;2;6;458272;CEL JTO A EE DOM PEDRO I;0;0;0;26;0;0;0;26;0;0;0;0;0;0;0;0;0;0;0;199;0;0;0;199;0;0;0;1;0;0;0;1;0;0;0;0;0;0;0;0;0;0;0;8;0;0;0;8;225;9
10211;LESTE 3;100;SAO PAULO;2;6;985089;CEL JTO A EE FADLO HAIDAR;0;0;0;226;0;0;0;226;0;0;0;0;0;0;0;0;0;0;0;0;0;0;0;0;0;0;0;8;0;0;0;8;0;0;0;0;0;0;0;0;0;0;0;0;0;0;0;0;226;8
10312;CENTRO OESTE;100;SAO PAULO;2;6;985132;CEL JTO A EE RUI BLOEM;0;0;0;52;0;0;0;52;0;0;0;0;0;0;0;0;0;0;0;20;0;0;0;20;0;0;0;3;0;0;0;3;0;0;0;0;0;0;0;0;0;0;0;1;0;0;0;1;72;4
10314;SUL 2;100;SAO PAULO;2;6;985156;CEL JTO A EE LEOPOLDO SANTANA PROFESSOR;0;0;0;101;0;0;0;101;0;0;0;0;0;0;0;0;0;0;0;0;0;0;0;0;0;0;0;4;0;0;0;4;0;0;0;0;0;0;0;0;0;0;0;0;0;0;0;0;101;4
10316;CENTRO SUL;100;SAO PAULO;2;6;498634;CEL JTO A EE ROOSEVELT PRESIDENTE;0;0;0;42;0;0;0;42;0;0;0;0;0;0;0;0;0;0;0;0;0;0;0;0;0;0;0;2;0;0;0;2;0;0;0;0;0;0;0;0;0;0;0;0;0;0;0;0;42;2
10316;CENTRO SUL;100;SAO PAULO;2;6;985120;CEL JTO A EE ALEXANDRE DE GUSMAO;0;0;0;31;0;0;0;31;0;0;0;0;0;0;0;0;0;0;0;0;0;0;0;0;0;0;0;2;0;0;0;2;0;0;0;0;0;0;0;0;0;0;0;0;0;0;0;0;31;2
10316;CENTRO SUL;100;SAO PAULO;2;6;985788;CEL JTO A EE JULIA MACEDO PANTOJA PROFESSORA;0;0;0;81;0;0;0;81;0;0;0;0;0;0;0;0;0;0;0;0;0;0;0;0;0;0;0;7;0;0;0;7;0;0;0;0;0;0;0;0;0;0;0;0;0;0;0;0;81;7
10317;SUL 1;100;SAO PAULO;2;6;482341;CEL JTO A EE PLINIO NEGRAO;0;0;0;59;0;0;0;59;0;0;0;0;0;0;0;0;0;0;0;53;0;0;0;53;0;0;0;4;0;0;0;4;0;0;0;0;0;0;0;0;0;0;0;2;0;0;0;2;112;6
10318;SUL 3;100;SAO PAULO;2;6;29828;CEL JTO A EE LAERTE RAMOS PROF DR;0;0;0;26;0;0;0;26;0;0;0;0;0;0;0;0;0;0;0;0;0;0;0;0;0;0;0;2;0;0;0;2;0;0;0;0;0;0;0;0;0;0;0;0;0;0;0;0;26;2
10318;SUL 3;100;SAO PAULO;2;6;458351;CEL JTO A EE ESTHER GARCIA PROFA;0;0;0;73;0;0;0;73;0;0;0;0;0;0;0;0;0;0;0;0;0;0;0;0;0;0;0;3;0;0;0;3;0;0;0;0;0;0;0;0;0;0;0;0;0;0;0;0;73;3
10318;SUL 3;100;SAO PAULO;2;6;458399;CEL JTO A EE ALBERTO SALOTTI PROF;0;0;0;184;0;0;0;184;0;0;0;0;0;0;0;0;0;0;0;0;0;0;0;0;0;0;0;9;0;0;0;9;0;0;0;0;0;0;0;0;0;0;0;0;0;0;0;0;184;9
10318;SUL 3;100;SAO PAULO;2;6;985168;CEL JTO A EE PAULINO NUNES ESPOSO;0;0;0;52;0;0;0;52;0;0;0;0;0;0;0;0;0;0;0;0;0;0;0;0;0;0;0;3;0;0;0;3;0;0;0;0;0;0;0;0;0;0;0;0;0;0;0;0;52;3
10401;CAIEIRAS;239;CAIEIRAS;2;6;499729;CEL JTO A EE OTTO WEISZFLOG;0;0;0;48;0;0;0;48;0;0;0;0;0;0;0;0;0;0;0;0;0;0;0;0;0;0;0;2;0;0;0;2;0;0;0;0;0;0;0;0;0;0;0;0;0;0;0;0;48;2
10401;CAIEIRAS;241;CAJAMAR;2;6;458405;CEL JTO A EE SUZANA DIAS;0;0;0;0;0;0;0;0;0;0;0;0;0;0;0;0;0;0;0;14;0;0;0;14;0;0;0;0;0;0;0;0;0;0;0;0;0;0;0;0;0;0;0;1;0;0;0;1;14;1
10401;CAIEIRAS;312;FRANCO DA ROCHA;2;6;499742;CEL JTO A EE BENEDITO FAGUNDES MARQUES PROF;0;0;0;61;0;0;0;61;0;0;0;0;0;0;0;0;0;0;0;0;0;0;0;0;0;0;0;2;0;0;0;2;0;0;0;0;0;0;0;0;0;0;0;0;0;0;0;0;61;2
10402;GUARULHOS SUL;336;GUARULHOS;2;6;985673;CEL JTO A EE ALICE CHUERY PROFESSORA;0;0;0;43;0;0;0;43;0;0;0;0;0;0;0;0;0;0;0;0;0;0;0;0;0;0;0;3;0;0;0;3;0;0;0;0;0;0;0;0;0;0;0;0;0;0;0;0;43;3
10403;GUARULHOS NORTE;336;GUARULHOS;2;6;407331;CEL JTO A EE CONRADO SIVILA ALSINA PADRE;0;0;0;102;0;0;0;102;0;0;0;0;0;0;0;0;0;0;0;0;0;0;0;0;0;0;0;5;0;0;0;5;0;0;0;0;0;0;0;0;0;0;0;0;0;0;0;0;102;5
10501;MOGI DAS CRUZES;454;MOGI DAS CRUZES;2;6;458594;CEL JTO A EE FIRMINO LADEIRA PROF;0;0;0;44;0;0;0;44;0;0;0;0;0;0;0;0;0;0;0;0;0;0;0;0;0;0;0;2;0;0;0;2;0;0;0;0;0;0;0;0;0;0;0;0;0;0;0;0;44;2
10501;MOGI DAS CRUZES;454;MOGI DAS CRUZES;2;6;985752;CEL JTO A EE FRANCISCO FERREIRA LOPES;0;0;0;128;0;0;0;128;0;0;0;0;0;0;0;0;0;0;0;0;0;0;0;0;0;0;0;8;0;0;0;8;0;0;0;0;0;0;0;0;0;0;0;0;0;0;0;0;128;8
10502;SUZANO;672;SUZANO;2;6;985181;CEL JTO A EE RAUL BRASIL PROFESSOR;0;0;0;17;0;0;0;17;0;0;0;0;0;0;0;0;0;0;0;0;0;0;0;0;0;0;0;1;0;0;0;1;0;0;0;0;0;0;0;0;0;0;0;0;0;0;0;0;17;1
10601;DIADEMA;286;DIADEMA;2;6;499161;CEL JTO A EE ORIGENES LESSA;0;0;0;10;0;0;0;10;0;0;0;0;0;0;0;0;0;0;0;0;0;0;0;0;0;0;0;1;0;0;0;1;0;0;0;0;0;0;0;0;0;0;0;0;0;0;0;0;10;1
10602;MAUA;442;MAUA;2;6;458570;CEL JTO A EE OLAVO HANSEN;0;0;0;27;0;0;0;27;0;0;0;0;0;0;0;0;0;0;0;0;0;0;0;0;0;0;0;1;0;0;0;1;0;0;0;0;0;0;0;0;0;0;0;0;0;0;0;0;27;1
10602;MAUA;442;MAUA;2;6;985570;CEL JTO A EE MARLENE CAMARGO RIBEIRO;0;0;0;64;0;0;0;64;0;0;0;0;0;0;0;0;0;0;0;0;0;0;0;0;0;0;0;2;0;0;0;2;0;0;0;0;0;0;0;0;0;0;0;0;0;0;0;0;64;2
10603;SANTO ANDRE;626;SANTO ANDRE;2;6;985193;CEL JTO A EE PROF AMARAL WAGNER;0;0;0;71;0;0;0;71;0;0;0;0;0;0;0;0;0;0;0;0;0;0;0;0;0;0;0;3;0;0;0;3;0;0;0;0;0;0;0;0;0;0;0;0;0;0;0;0;71;3
10606;SAO BERNARDO DO CAMPO;636;SAO CAETANO DO SUL;2;6;985211;CEL JTO A EE IDALINA MACEDO COSTA SODRE DONA;0;0;0;67;0;0;0;67;0;0;0;0;0;0;0;0;0;0;0;30;0;0;0;30;0;0;0;2;0;0;0;2;0;0;0;0;0;0;0;0;0;0;0;1;0;0;0;1;97;3
10701;CARAPICUIBA;278;COTIA;2;6;985223;CEL JTO A EE PEDRO CASEMIRO LEITE PROFESSOR;0;0;0;83;0;0;0;83;0;0;0;0;0;0;0;0;0;0;0;0;0;0;0;0;0;0;0;6;0;0;0;6;0;0;0;0;0;0;0;0;0;0;0;0;0;0;0;0;83;6
10704;OSASCO;492;OSASCO;2;6;985235;CEL JTO A EE ANTONIO RAPOSO TAVARES;0;0;0;79;0;0;0;79;0;0;0;0;0;0;0;0;0;0;0;0;0;0;0;0;0;0;0;4;0;0;0;4;0;0;0;0;0;0;0;0;0;0;0;0;0;0;0;0;79;4
20102;SANTOS;335;GUARUJA;2;6;460345;CEL JTO A EE MARCILIO DIAS;0;0;0;30;0;0;0;30;0;0;0;0;0;0;0;0;0;0;0;0;0;0;0;0;0;0;0;1;0;0;0;1;0;0;0;0;0;0;0;0;0;0;0;0;0;0;0;0;30;1
20103;SAO VICENTE;369;ITANHAEM;2;6;985624;CEL JTO A EE BENEDITO CALIXTO;0;0;0;24;0;0;0;24;0;0;0;0;0;0;0;0;0;0;0;0;0;0;0;0;0;0;0;1;0;0;0;1;0;0;0;0;0;0;0;0;0;0;0;0;0;0;0;0;24;1
20103;SAO VICENTE;558;PRAIA GRANDE;2;6;435752;CEL JTO A EE REYNALDO KUNTZ BUSCH DOUTOR;0;0;0;29;0;0;0;29;0;0;0;0;0;0;0;0;0;0;0;60;0;0;0;60;0;0;0;1;0;0;0;1;0;0;0;0;0;0;0;0;0;0;0;3;0;0;0;3;89;4
20103;SAO VICENTE;657;SAO VICENTE;2;6;985247;CEL JTO A EE MARTIM AFONSO;0;0;0;113;0;0;0;113;0;0;0;0;0;0;0;0;0;0;0;0;0;0;0;0;0;0;0;4;0;0;0;4;0;0;0;0;0;0;0;0;0;0;0;0;0;0;0;0;113;4
20202;GUARATINGUETA;282;CRUZEIRO;2;6;985260;CEL JTO A EE OSVALDO CRUZ;0;0;0;0;0;0;0;0;0;0;0;0;0;0;0;0;0;0;0;24;0;0;0;24;0;0;0;0;0;0;0;0;0;0;0;0;0;0;0;0;0;0;0;1;0;0;0;1;24;1
20202;GUARATINGUETA;284;CUNHA;2;6;459203;CEL JTO A EE PAULO VIRGINIO;0;0;0;25;0;0;0;25;0;0;0;0;0;0;0;0;0;0;0;17;0;0;0;17;0;0;0;1;0;0;0;1;0;0;0;0;0;0;0;0;0;0;0;1;0;0;0;1;42;2
20202;GUARATINGUETA;332;GUARATINGUETA;2;6;985557;CEL JTO A EE RODRIGUES ALVES CONSELHEIRO;0;0;0;45;0;0;0;45;0;0;0;0;0;0;0;0;0;0;0;82;0;0;0;82;0;0;0;2;0;0;0;2;0;0;0;0;0;0;0;0;0;0;0;3;0;0;0;3;127;5
20204;PINDAMONHANGABA;528;PINDAMONHANGABA;2;6;460278;CEL JTO A EE ALFREDO PUJOL DOUTOR;0;0;0;69;0;0;0;69;0;0;0;0;0;0;0;0;0;0;0;0;0;0;0;0;0;0;0;3;0;0;0;3;0;0;0;0;0;0;0;0;0;0;0;0;0;0;0;0;69;3
20205;SAO JOSE DOS CAMPOS;645;SAO JOSE DOS CAMPOS;2;6;460497;CEL JTO A EE JOSE VIEIRA MACEDO PROF;0;0;0;104;0;0;0;104;0;0;0;0;0;0;0;0;0;0;0;0;0;0;0;0;0;0;0;4;0;0;0;4;0;0;0;0;0;0;0;0;0;0;0;0;0;0;0;0;104;4
20205;SAO JOSE DOS CAMPOS;645;SAO JOSE DOS CAMPOS;2;6;985259;CEL JTO A EE ESTEVAM FERRI PROFESSOR;0;0;0;84;0;0;0;84;0;0;0;0;0;0;0;0;0;0;0;0;0;0;0;0;0;0;0;4;0;0;0;4;0;0;0;0;0;0;0;0;0;0;0;0;0;0;0;0;84;4
20207;JACAREI;392;JACAREI;2;6;459586;CEL JTO A EE FRANCISCO F FERREIRA DA SILVA PROF;0;0;0;84;0;0;0;84;0;0;0;0;0;0;0;0;0;0;0;0;0;0;0;0;0;0;0;3;0;0;0;3;0;0;0;0;0;0;0;0;0;0;0;0;0;0;0;0;84;3
20302;AVARE;194;AVARE;2;6;985272;CEL JTO A EE JOAO CRUZ;0;0;0;50;0;0;0;50;0;0;0;0;0;0;0;0;0;0;0;36;0;0;0;36;0;0;0;2;0;0;0;2;0;0;0;0;0;0;0;0;0;0;0;1;0;0;0;1;86;3
20303;BOTUCATU;412;LARANJAL PAULISTA;2;6;458284;CEL JTO A EE LUIZ CAMPACCI;0;0;0;57;0;0;0;57;0;0;0;0;0;0;0;0;0;0;0;0;0;0;0;0;0;0;0;2;0;0;0;2;0;0;0;0;0;0;0;0;0;0;0;0;0;0;0;0;57;2
20304;ITAPETININGA;371;ITAPETININGA;2;6;444339;CEL JTO A EE PEIXOTO GOMIDE;0;0;0;38;0;0;0;38;0;0;0;0;0;0;0;0;0;0;0;0;0;0;0;0;0;0;0;2;0;0;0;2;0;0;0;0;0;0;0;0;0;0;0;0;0;0;0;0;38;2
20305;ITAPEVA;251;CAPAO BONITO;2;6;459495;CEL JTO A EE RAUL VENTURELLI DR;0;0;0;72;0;0;0;72;0;0;0;0;0;0;0;0;0;0;0;0;0;0;0;0;0;0;0;3;0;0;0;3;0;0;0;0;0;0;0;0;0;0;0;0;0;0;0;0;72;3
20305;ITAPEVA;372;ITAPEVA;2;6;388300;CEL JTO A EE PROF? ZULMIRA DE OLIVEIRA;0;0;0;36;0;0;0;36;0;0;0;0;0;0;0;0;0;0;0;0;0;0;0;0;0;0;0;2;0;0;0;2;0;0;0;0;0;0;0;0;0;0;0;0;0;0;0;0;36;2
20306;ITU;387;ITU;2;6;985648;CEL JTO A EE REGENTE FEIJO;0;0;0;28;0;0;0;28;0;0;0;0;0;0;0;0;0;0;0;0;0;0;0;0;0;0;0;1;0;0;0;1;0;0;0;0;0;0;0;0;0;0;0;0;0;0;0;0;28;1
20306;ITU;554;PORTO FELIZ;2;6;459549;CEL JTO A EE SECKLER MONSENHOR;0;0;0;29;0;0;0;29;0;0;0;0;0;0;0;0;0;0;0;0;0;0;0;0;0;0;0;1;0;0;0;1;0;0;0;0;0;0;0;0;0;0;0;0;0;0;0;0;29;1
20307;SAO ROQUE;345;IBIUNA;2;6;466165;CEL JTO A EE MARIA ANGERAMI SCALAMANDRE;0;0;0;39;0;0;0;39;0;0;0;0;0;0;0;0;0;0;0;0;0;0;0;0;0;0;0;2;0;0;0;2;0;0;0;0;0;0;0;0;0;0;0;0;0;0;0;0;39;2
20308;SOROCABA;669;SOROCABA;2;6;417427;CEL JTO A EE JULIO PRESTES DE ALBUQUERQUE DOUTOR;0;0;0;99;0;0;0;99;0;0;0;0;0;0;0;0;0;0;0;0;0;0;0;0;0;0;0;5;0;0;0;5;0;0;0;0;0;0;0;0;0;0;0;0;0;0;0;0;99;5
20308;SOROCABA;669;SOROCABA;2;6;985284;CEL JTO A EE ANTONIO PADILHA;0;0;0;122;0;0;0;122;0;0;0;0;0;0;0;0;0;0;0;0;0;0;0;0;0;0;0;7;0;0;0;7;0;0;0;0;0;0;0;0;0;0;0;0;0;0;0;0;122;7
20310;VOTORANTIM;178;ARACOIABA DA SERRA;2;6;458697;CEL JTO A EE MARIA ANGELICA BAILLOT PROFA;0;0;0;59;0;0;0;59;0;0;0;0;0;0;0;0;0;0;0;0;0;0;0;0;0;0;0;2;0;0;0;2;0;0;0;0;0;0;0;0;0;0;0;0;0;0;0;0;59;2
20310;VOTORANTIM;252;CAPELA DO ALTO;2;6;458715;CEL JTO A EE PEDRO DIAS DE CAMPOS CEL;0;0;0;6;0;0;0;6;0;0;0;0;0;0;0;0;0;0;0;0;0;0;0;0;0;0;0;1;0;0;0;1;0;0;0;0;0;0;0;0;0;0;0;0;0;0;0;0;6;1
20310;VOTORANTIM;526;PIEDADE;2;6;446973;CEL JTO A EE CARLOS AUGUSTO DE CAMARGO PROFESSOR;0;0;0;21;0;0;0;21;0;0;0;0;0;0;0;0;0;0;0;0;0;0;0;0;0;0;0;1;0;0;0;1;0;0;0;0;0;0;0;0;0;0;0;0;0;0;0;0;21;1
20310;VOTORANTIM;717;VOTORANTIM;2;6;438030;CEL JTO A EE DANIEL VERANO PROFESSOR;0;0;0;17;0;0;0;17;0;0;0;0;0;0;0;0;0;0;0;0;0;0;0;0;0;0;0;2;0;0;0;2;0;0;0;0;0;0;0;0;0;0;0;0;0;0;0;0;17;2
20311;PIRAJU;537;PIRAJU;2;6;460382;CEL JTO A EE JOAQUIM GUILHERME MOREIRA PORTO DR;0;0;0;53;0;0;0;53;0;0;0;0;0;0;0;0;0;0;0;31;0;0;0;31;0;0;0;2;0;0;0;2;0;0;0;0;0;0;0;0;0;0;0;1;0;0;0;1;84;3
20313;ITARARE;380;ITARARE;2;6;441430;CEL JTO A EE TOME TEIXEIRA;0;0;0;21;0;0;0;21;0;0;0;0;0;0;0;0;0;0;0;0;0;0;0;0;0;0;0;1;0;0;0;1;0;0;0;0;0;0;0;0;0;0;0;0;0;0;0;0;21;1
20407;JUNDIAI;407;JUNDIAI;2;6;985797;CEL JTO A EE MARIA DE LOURDES FRANCA SILVEIRA PROFESSORA;0;0;0;0;0;0;0;0;0;0;0;0;0;0;0;0;0;0;0;27;0;0;0;27;0;0;0;0;0;0;0;0;0;0;0;0;0;0;0;0;0;0;0;1;0;0;0;1;27;1
20408;LIMEIRA;417;LIMEIRA;2;6;985776;CEL JTO A EE CASTELO BRANCO;0;0;0;34;0;0;0;34;0;0;0;0;0;0;0;0;0;0;0;0;0;0;0;0;0;0;0;2;0;0;0;2;0;0;0;0;0;0;0;0;0;0;0;0;0;0;0;0;34;2
20410;PIRACICABA;535;PIRACICABA;2;6;460357;CEL JTO A EE ELIAS DE MELLO AYRES PROFESSOR;0;0;0;63;0;0;0;63;0;0;0;0;0;0;0;0;0;0;0;0;0;0;0;0;0;0;0;3;0;0;0;3;0;0;0;0;0;0;0;0;0;0;0;0;0;0;0;0;63;3
20413;SAO JOAO DA BOA VISTA;152;AGUAI;2;6;459902;CEL JTO A EE GERALDO LOURENCO PADRE;0;0;0;25;0;0;0;25;0;0;0;0;0;0;0;0;0;0;0;0;0;0;0;0;0;0;0;1;0;0;0;1;0;0;0;0;0;0;0;0;0;0;0;0;0;0;0;0;25;1
20413;SAO JOAO DA BOA VISTA;530;ESPIRITO SANTO DO PINHAL;2;6;460000;CEL JTO A EE LEME CARDEAL;0;0;0;24;0;0;0;24;0;0;0;0;0;0;0;0;0;0;0;0;0;0;0;0;0;0;0;1;0;0;0;1;0;0;0;0;0;0;0;0;0;0;0;0;0;0;0;0;24;1
20413;SAO JOAO DA BOA VISTA;680;TAMBAU;2;6;460205;CEL JTO A EE DONIZETTI TAVARES DE LIMA PE;0;0;0;23;0;0;0;23;0;0;0;0;0;0;0;0;0;0;0;0;0;0;0;0;0;0;0;1;0;0;0;1;0;0;0;0;0;0;0;0;0;0;0;0;0;0;0;0;23;1
20415;SUMARE;671;SUMARE;2;6;985727;CEL JTO A EE JAYME DE BARROS CAMARA DOM;0;0;0;75;0;0;0;75;0;0;0;0;0;0;0;0;0;0;0;0;0;0;0;0;0;0;0;5;0;0;0;5;0;0;0;0;0;0;0;0;0;0;0;0;0;0;0;0;75;5
20415;SUMARE;748;HORTOLANDIA;2;6;459112;CEL JTO A EE LIOMAR FREITAS CAMARA PROFA;0;0;0;43;0;0;0;43;0;0;0;0;0;0;0;0;0;0;0;0;0;0;0;0;0;0;0;2;0;0;0;2;0;0;0;0;0;0;0;0;0;0;0;0;0;0;0;0;43;2
20501;ARARAQUARA;166;AMERICO BRASILIENSE;2;6;458173;CEL JTO A EE DINORA MARCONDES GOMES PROFA;0;0;0;25;0;0;0;25;0;0;0;0;0;0;0;0;0;0;0;0;0;0;0;0;0;0;0;1;0;0;0;1;0;0;0;0;0;0;0;0;0;0;0;0;0;0;0;0;25;1
20501;ARARAQUARA;181;ARARAQUARA;2;6;462020;CEL JTO A MARIA ISABEL RODRIGUES ORSO PROFA;0;0;0;23;0;0;0;23;0;0;0;0;0;0;0;0;0;0;0;12;0;0;0;12;0;0;0;2;0;0;0;2;0;0;0;0;0;0;0;0;0;0;0;1;0;0;0;1;35;3
20501;ARARAQUARA;181;ARARAQUARA;2;6;985314;CEL JTO A EE JOAO MANOEL DO AMARAL;0;0;0;52;0;0;0;52;0;0;0;0;0;0;0;0;0;0;0;0;0;0;0;0;0;0;0;3;0;0;0;3;0;0;0;0;0;0;0;0;0;0;0;0;0;0;0;0;52;3
20501;ARARAQUARA;441;MATAO;2;6;447341;CEL JTO A EE HENRIQUE MORATO PROF;0;0;0;58;0;0;0;58;0;0;0;0;0;0;0;0;0;0;0;0;0;0;0;0;0;0;0;2;0;0;0;2;0;0;0;0;0;0;0;0;0;0;0;0;0;0;0;0;58;2
20504;FRANCA;280;CRISTAIS PAULISTA;2;6;6271;CEL JTO A EE JOAO DE FARIA;0;0;0;28;0;0;0;28;0;0;0;0;0;0;0;0;0;0;0;0;0;0;0;0;0;0;0;1;0;0;0;1;0;0;0;0;0;0;0;0;0;0;0;0;0;0;0;0;28;1
20504;FRANCA;310;FRANCA;2;6;498981;CEL JTO A EE PROF HELIO PALERMO;0;0;0;34;0;0;0;34;0;0;0;0;0;0;0;0;0;0;0;0;0;0;0;0;0;0;0;1;0;0;0;1;0;0;0;0;0;0;0;0;0;0;0;0;0;0;0;0;34;1
20504;FRANCA;310;FRANCA;2;6;499511;CEL JTO A EE PEDRO NUNES DA ROCHA PROF;0;0;0;29;0;0;0;29;0;0;0;0;0;0;0;0;0;0;0;30;0;0;0;30;0;0;0;1;0;0;0;1;0;0;0;0;0;0;0;0;0;0;0;1;0;0;0;1;59;2
20504;FRANCA;310;FRANCA;2;6;985818;CEL JTO A EE TORQUATO CALEIRO;0;0;0;15;0;0;0;15;0;0;0;0;0;0;0;0;0;0;0;73;0;0;0;73;0;0;0;1;0;0;0;1;0;0;0;0;0;0;0;0;0;0;0;3;0;0;0;3;88;4
20506;JABOTICABAL;210;BEBEDOURO;2;6;433548;CEL JTO A EE PARAISO CAVALCANTI DOUTOR;0;0;0;25;0;0;0;25;0;0;0;0;0;0;0;0;0;0;0;0;0;0;0;0;0;0;0;1;0;0;0;1;0;0;0;0;0;0;0;0;0;0;0;0;0;0;0;0;25;1
20506;JABOTICABAL;391;JABOTICABAL;2;6;985326;CEL JTO A EE AURELIO ARROBAS MARTINS;0;0;0;32;0;0;0;32;0;0;0;0;0;0;0;0;0;0;0;0;0;0;0;0;0;0;0;1;0;0;0;1;0;0;0;0;0;0;0;0;0;0;0;0;0;0;0;0;32;1
20507;RIBEIRAO PRETO;582;RIBEIRAO PRETO;2;6;460461;CEL JTO A EE WALTER FERREIRA PROF;0;0;0;10;0;0;0;10;0;0;0;0;0;0;0;0;0;0;0;0;0;0;0;0;0;0;0;1;0;0;0;1;0;0;0;0;0;0;0;0;0;0;0;0;0;0;0;0;10;1
20509;SAO CARLOS;637;SAO CARLOS;2;6;457711;CEL JTO A EE ALVARO GUIAO DOUTOR;0;0;0;23;0;0;0;23;0;0;0;0;0;0;0;0;0;0;0;23;0;0;0;23;0;0;0;1;0;0;0;1;0;0;0;0;0;0;0;0;0;0;0;1;0;0;0;1;46;2
20511;TAQUARITINGA;344;IBITINGA;2;6;459100;CEL JTO A EE IRACEMA DE OLIVEIRA CARLOS;0;0;0;30;0;0;0;30;0;0;0;0;0;0;0;0;0;0;0;0;0;0;0;0;0;0;0;1;0;0;0;1;0;0;0;0;0;0;0;0;0;0;0;0;0;0;0;0;30;1
20511;TAQUARITINGA;375;ITAPOLIS;2;6;985338;CEL JTO A EE ANTONIO MORAES BARROS DR;0;0;0;31;0;0;0;31;0;0;0;0;0;0;0;0;0;0;0;0;0;0;0;0;0;0;0;1;0;0;0;1;0;0;0;0;0;0;0;0;0;0;0;0;0;0;0;0;31;1
20511;TAQUARITINGA;684;TAQUARITINGA;2;6;985545;CEL JTO A EE 9 DE JULHO;0;0;0;26;0;0;0;26;0;0;0;0;0;0;0;0;0;0;0;25;0;0;0;25;0;0;0;1;0;0;0;1;0;0;0;0;0;0;0;0;0;0;0;1;0;0;0;1;51;2
20601;BAURU;209;BAURU;2;6;985582;CEL JTO A EE CHRISTINO CABRAL PROF;0;0;0;20;0;0;0;20;0;0;0;0;0;0;0;0;0;0;0;0;0;0;0;0;0;0;0;2;0;0;0;2;0;0;0;0;0;0;0;0;0;0;0;0;0;0;0;0;20;2
20601;BAURU;416;LENCOIS PAULISTA;2;6;458211;CEL JTO A EE VIRGILIO CAPOANI;0;0;0;63;0;0;0;63;0;0;0;0;0;0;0;0;0;0;0;0;0;0;0;0;0;0;0;4;0;0;0;4;0;0;0;0;0;0;0;0;0;0;0;0;0;0;0;0;63;4
20602;JAU;289;DOIS CORREGOS;2;6;459598;CEL JTO A EE JOSE ALVES MIRA;0;0;0;0;0;0;0;0;0;0;0;0;0;0;0;0;0;0;0;31;0;0;0;31;0;0;0;0;0;0;0;0;0;0;0;0;0;0;0;0;0;0;0;1;0;0;0;1;31;1
20602;JAU;401;JAU;2;6;985348;CEL JTO A EE MAJOR PRADO;0;0;0;26;0;0;0;26;0;0;0;0;0;0;0;0;0;0;0;51;0;0;0;51;0;0;0;1;0;0;0;1;0;0;0;0;0;0;0;0;0;0;0;2;0;0;0;2;77;3
20701;CATANDUVA;260;CATANDUVA;2;6;363613;CEL JTO A EE BARAO DO RIO BRANCO;0;0;0;22;0;0;0;22;0;0;0;0;0;0;0;0;0;0;0;28;0;0;0;28;0;0;0;1;0;0;0;1;0;0;0;0;0;0;0;0;0;0;0;1;0;0;0;1;50;2
20701;CATANDUVA;483;NOVO HORIZONTE;2;6;458788;CEL JTO A EE MARIO FLORENCE PROFESSOR;0;0;0;18;0;0;0;18;0;0;0;0;0;0;0;0;0;0;0;0;0;0;0;0;0;0;0;1;0;0;0;1;0;0;0;0;0;0;0;0;0;0;0;0;0;0;0;0;18;1
20703;JALES;396;JALES;2;6;985715;CEL JTO A EE DOM ARTUR HORSTHUIS;0;0;0;20;0;0;0;20;0;0;0;0;0;0;0;0;0;0;0;60;0;0;0;60;0;0;0;1;0;0;0;1;0;0;0;0;0;0;0;0;0;0;0;2;0;0;0;2;80;3
20703;JALES;614;SANTA FE DO SUL;2;6;985806;CEL JTO A EE ITAEL DE MATOS PROFESSOR;0;0;0;53;0;0;0;53;0;0;0;0;0;0;0;0;0;0;0;62;0;0;0;62;0;0;0;2;0;0;0;2;0;0;0;0;0;0;0;0;0;0;0;2;0;0;0;2;115;4
20710;SAO JOSE DO RIO PRETO;478;NOVA GRANADA;2;6;985399;CEL JTO A EE FRANCISCO MARQUES PINTO;0;0;0;0;0;0;0;0;0;0;0;0;0;0;0;0;0;0;0;62;0;0;0;62;0;0;0;0;0;0;0;0;0;0;0;0;0;0;0;0;0;0;0;2;0;0;0;2;62;2
20710;SAO JOSE DO RIO PRETO;647;SAO JOSE DO RIO PRETO;2;6;985405;CEL JTO A EE MONSENHOR GONCALVES;0;0;0;61;0;0;0;61;0;0;0;0;0;0;0;0;0;0;0;28;0;0;0;28;0;0;0;3;0;0;0;3;0;0;0;0;0;0;0;0;0;0;0;1;0;0;0;1;89;4
20802;ARACATUBA;177;ARACATUBA;2;6;985417;CEL JTO A EE MANOEL BENTO DA CRUZ;0;0;0;122;0;0;0;122;0;0;0;0;0;0;0;0;0;0;0;0;0;0;0;0;0;0;0;7;0;0;0;7;0;0;0;0;0;0;0;0;0;0;0;0;0;0;0;0;122;7
20803;BIRIGUI;214;BIRIGUI;2;6;433640;CEL JTO A EE STELIO MACHADO LOUREIRO PROFESSOR;0;0;0;28;0;0;0;28;0;0;0;0;0;0;0;0;0;0;0;0;0;0;0;0;0;0;0;1;0;0;0;1;0;0;0;0;0;0;0;0;0;0;0;0;0;0;0;0;28;1
20804;PENAPOLIS;521;PENAPOLIS;2;6;460242;CEL JTO A EE ADELINO PETERS;0;0;0;39;0;0;0;39;0;0;0;0;0;0;0;0;0;0;0;0;0;0;0;0;0;0;0;2;0;0;0;2;0;0;0;0;0;0;0;0;0;0;0;0;0;0;0;0;39;2
20901;ADAMANTINA;408;JUNQUEIROPOLIS;2;6;458119;CEL JTO A EE IDENE RODRIGUES DOS SANTOS PROF;0;0;0;23;0;0;0;23;0;0;0;0;0;0;0;0;0;0;0;0;0;0;0;0;0;0;0;1;0;0;0;1;0;0;0;0;0;0;0;0;0;0;0;0;0;0;0;0;23;1
20904;PRESIDENTE PRUDENTE;562;PRESIDENTE PRUDENTE;2;6;985442;CEL JTO A EE MONSENHOR SARRION;0;0;0;56;0;0;0;56;0;0;0;0;0;0;0;0;0;0;0;0;0;0;0;0;0;0;0;3;0;0;0;3;0;0;0;0;0;0;0;0;0;0;0;0;0;0;0;0;56;3
21001;ASSIS;189;ASSIS;2;6;428760;CEL JTO A EE PROF CARLOS ALBERTO DE OLIVEIRA;0;0;0;33;0;0;0;33;0;0;0;0;0;0;0;0;0;0;0;26;0;0;0;26;0;0;0;2;0;0;0;2;0;0;0;0;0;0;0;0;0;0;0;1;0;0;0;1;59;3
21004;OURINHOS;495;OURINHOS;2;6;363625;CEL JTO A EE DOMINGOS CAMERLINGO CALO;0;0;0;0;0;0;0;0;0;0;0;0;0;0;0;0;0;0;0;29;0;0;0;29;0;0;0;0;0;0;0;0;0;0;0;0;0;0;0;0;0;0;0;1;0;0;0;1;29;1
21004;OURINHOS;612;SANTA CRUZ DO RIO PARDO;2;6;460230;CEL JTO A EE LEONIDAS DO AMARAL VIEIRA;0;0;0;0;0;0;0;0;0;0;0;0;0;0;0;0;0;0;0;32;0;0;0;32;0;0;0;0;0;0;0;0;0;0;0;0;0;0;0;0;0;0;0;1;0;0;0;1;32;1
21006;TUPA;697;TUPA;2;6;985512;CEL JTO A EE INDIA VANUIRE;0;0;0;0;0;0;0;0;0;0;0;0;0;0;0;0;0;0;0;23;0;0;0;23;0;0;0;0;0;0;0;0;0;0;0;0;0;0;0;0;0;0;0;1;0;0;0;1;23;1
21102;REGISTRO;574;REGISTRO;2;6;985533;CEL JTO A EE FABIO BARRETO DOUTOR;0;0;0;66;0;0;0;66;0;0;0;0;0;0;0;0;0;0;0;0;0;0;0;0;0;0;0;4;0;0;0;4;0;0;0;0;0;0;0;0;0;0;0;0;0;0;0;0;66;4
