﻿CDREDE;DE;CODMUN;MUN;CATEG;TIPOESC;COD_ESC;NOMESC;AL_ALEMAO_DU;AL_ESPANHOL_DU;AL_FRANCES_DU;AL_INGLES_DU;AL_ITALIANO_DU;AL_JAPONES_DU;AL_MANDARIM_DU;TOTAL_AL_DU;AL_ALEMAO_SAB_SEMANA;AL_ESPANHOL_SAB_SEMANA;AL_FRANCES_SAB_SEMANA;AL_INGLES_SAB_SEMANA;AL_ITALIANO_SAB_SEMANA;AL_JAPONES_SAB_SEMANA;AL_MANDARIM_SAB_SEMANA;AL_ALEMAO_SAB;AL_ESPANHOL_SAB;AL_FRANCES_SAB;AL_INGLES_SAB;AL_ITALIANO_SAB;AL_JAPONES_SAB;AL_MANDARIM_SAB;TOTAL_AL_SAB;CL_ALEMAO_DU;CL_ESPANHOL_DU;CL_FRANCES_DU;CL_INGLES_DU;CL_ITALIANO_DU;CL_JAPONES_DU;CL_MANDARIM_DU;TOTAL_CL_DU;CL_ALEMAO_SAB_SEMANA;CL_ESPANHOL_SAB_SEMANA;CL_FRANCES_SAB_SEMANA;CL_INGLES_SAB_SEMANA;CL_ITALIANO_SAB_SEMANA;CL_JAPONES_SAB_SEMANA;CL_MANDARIM_SAB_SEMANA;CL_ALEMAO_SAB;CL_ESPANHOL_SAB;CL_FRANCES_SAB;CL_INGLES_SAB;CL_ITALIANO_SAB;CL_JAPONES_SAB;CL_MANDARIM_SAB;TOTAL_CL_SAB;TOTAL_TOTAL_AL;TOTAL_TOTAL_CL
10104;NORTE 2;100;SAO PAULO;2;6;458314;CEL JTO A EE VERIDIANA CAMACHO CARVALHO GOMES PROFA;0;25;0;0;0;0;0;25;0;0;0;0;0;0;0;0;0;0;0;0;0;0;0;0;5;0;0;0;0;0;5;0;0;0;0;0;0;0;0;0;0;0;0;0;0;0;25;5
10104;NORTE 2;100;SAO PAULO;2;6;985016;CEL JTO A EE ALBINO CESAR;25;93;0;73;0;0;0;191;0;0;0;0;0;0;0;0;0;0;0;0;0;0;0;2;7;0;3;0;0;0;12;0;0;0;0;0;0;0;0;0;0;0;0;0;0;0;191;12
10205;LESTE 5;100;SAO PAULO;2;6;985041;CEL JTO A EE JOAO DIAS DA SILVEIRA PROFESSOR;20;81;28;78;0;23;0;230;0;0;0;0;0;0;0;0;117;17;64;12;15;13;238;2;7;2;3;0;2;0;16;0;0;0;0;0;0;0;0;6;1;3;1;1;1;13;468;29
10205;LESTE 5;100;SAO PAULO;2;6;985685;CEL JTO A EE PAULO EGYDIO O CARVALHO SENADOR;0;52;0;75;0;0;0;127;0;0;0;0;0;0;0;6;89;90;99;0;35;0;319;0;3;0;2;0;0;0;5;0;0;0;0;0;0;0;1;4;5;3;0;1;0;14;446;19
10317;SUL 1;100;SAO PAULO;2;6;5029;CEL JTO A EE MEXICO;0;108;0;0;0;0;0;108;0;0;0;0;0;0;0;0;0;0;0;0;0;0;0;0;7;0;0;0;0;0;7;0;0;0;0;0;0;0;0;0;0;0;0;0;0;0;108;7
10317;SUL 1;100;SAO PAULO;2;6;482341;CEL JTO A EE PLINIO NEGRAO;7;168;79;118;0;31;0;403;0;0;0;0;0;0;0;14;58;12;54;10;27;0;175;1;10;5;5;0;2;0;23;0;0;0;0;0;0;0;1;2;1;2;1;2;0;9;578;32
10401;CAIEIRAS;239;CAIEIRAS;2;6;499729;CEL JTO A EE OTTO WEISZFLOG;31;195;0;48;0;0;0;274;0;0;0;0;0;0;0;9;0;0;0;0;0;0;9;1;9;0;2;0;0;0;12;0;0;0;0;0;0;0;1;0;0;0;0;0;0;1;283;13
10401;CAIEIRAS;241;CAJAMAR;2;6;458405;CEL JTO A EE SUZANA DIAS;0;0;0;0;0;0;0;0;0;0;0;0;0;0;0;0;17;0;22;0;0;0;39;0;0;0;0;0;0;0;0;0;0;0;0;0;0;0;0;2;0;1;0;0;0;3;39;3
10501;MOGI DAS CRUZES;454;MOGI DAS CRUZES;2;6;458594;CEL JTO A EE FIRMINO LADEIRA PROF;0;145;46;36;7;47;0;281;0;0;0;0;0;0;0;0;0;0;0;0;0;0;0;0;12;5;2;2;5;0;26;0;0;0;0;0;0;0;0;0;0;0;0;0;0;0;281;26
10603;SANTO ANDRE;626;SANTO ANDRE;2;6;985193;CEL JTO A EE PROF AMARAL WAGNER;0;244;76;66;0;0;0;386;0;0;0;0;0;0;0;0;0;0;0;0;0;0;0;0;16;7;3;0;0;0;26;0;0;0;0;0;0;0;0;0;0;0;0;0;0;0;386;26
10701;CARAPICUIBA;278;COTIA;2;6;985223;CEL JTO A EE PEDRO CASEMIRO LEITE PROFESSOR;0;200;0;99;6;52;0;357;0;0;0;0;0;0;0;0;0;0;0;0;0;0;0;0;18;0;5;1;5;0;29;0;0;0;0;0;0;0;0;0;0;0;0;0;0;0;357;29
10704;OSASCO;492;OSASCO;2;6;985235;CEL JTO A EE ANTONIO RAPOSO TAVARES;40;294;124;89;0;0;0;547;0;0;0;0;0;0;0;0;0;0;0;0;0;0;0;2;15;8;4;0;0;0;29;0;0;0;0;0;0;0;0;0;0;0;0;0;0;0;547;29
20103;SAO VICENTE;459;MONGAGUA;2;6;464004;CEL JTO A EE AIDA LEDA BAUER DAVIES PROFESSORA;0;96;0;67;0;0;0;163;0;0;0;0;0;0;0;0;0;0;0;0;0;0;0;0;4;0;3;0;0;0;7;0;0;0;0;0;0;0;0;0;0;0;0;0;0;0;163;7
20103;SAO VICENTE;558;PRAIA GRANDE;2;6;435752;CEL JTO A EE REYNALDO KUNTZ BUSCH DOUTOR;0;130;0;54;0;0;0;184;0;0;0;0;0;0;0;0;110;62;65;0;0;0;237;0;5;0;2;0;0;0;7;0;0;0;0;0;0;0;0;4;2;2;0;0;0;8;421;15
20202;GUARATINGUETA;332;GUARATINGUETA;2;6;985557;CEL JTO A EE RODRIGUES ALVES CONSELHEIRO;4;150;0;55;47;0;0;256;0;0;0;0;0;0;0;12;267;0;102;17;0;0;398;1;9;0;2;4;0;0;16;0;0;0;0;0;0;0;1;11;0;4;1;0;0;17;654;33
20204;PINDAMONHANGABA;246;CAMPOS DO JORDAO;2;6;460254;CEL JTO A EE THEODORO CORREA CINTRA PROF;0;32;0;0;0;0;0;32;0;0;0;0;0;0;0;0;0;0;0;0;0;0;0;0;2;0;0;0;0;0;2;0;0;0;0;0;0;0;0;0;0;0;0;0;0;0;32;2
20205;SAO JOSE DOS CAMPOS;645;SAO JOSE DOS CAMPOS;2;6;460497;CEL JTO A EE JOSE VIEIRA MACEDO PROF;0;170;41;124;0;85;0;420;0;0;0;0;0;0;0;0;0;0;0;0;0;0;0;0;10;3;4;0;5;0;22;0;0;0;0;0;0;0;0;0;0;0;0;0;0;0;420;22
10102;CENTRO;100;SAO PAULO;2;6;985107;CEL JTO A EE MAURO DE OLIVEIRA PROFESSOR;0;82;45;88;0;0;0;215;0;0;0;0;0;0;0;0;0;0;0;0;0;0;0;0;4;2;3;0;0;0;9;0;0;0;0;0;0;0;0;0;0;0;0;0;0;0;215;9
10205;LESTE 5;100;SAO PAULO;2;6;458296;CEL JTO A EE JOSE MARQUES DA CRUZ PROF;11;94;16;61;11;0;0;193;0;0;0;0;0;0;0;22;66;0;50;0;0;0;138;1;8;2;3;1;0;0;15;0;0;0;0;0;0;0;1;3;0;2;0;0;0;6;331;21
10314;SUL 2;100;SAO PAULO;2;6;985156;CEL JTO A EE LEOPOLDO SANTANA PROFESSOR;43;313;187;151;44;113;0;851;0;0;0;0;0;0;0;0;0;0;0;0;0;0;0;2;14;9;6;2;5;0;38;0;0;0;0;0;0;0;0;0;0;0;0;0;0;0;851;38
10316;CENTRO SUL;100;SAO PAULO;2;6;498634;CEL JTO A EE ROOSEVELT PRESIDENTE;0;112;55;32;0;66;0;265;0;0;0;0;0;0;0;0;0;0;0;0;0;0;0;0;7;5;1;0;4;0;17;0;0;0;0;0;0;0;0;0;0;0;0;0;0;0;265;17
10316;CENTRO SUL;100;SAO PAULO;2;6;985788;CEL JTO A EE JULIA MACEDO PANTOJA PROFESSORA;55;252;39;218;63;80;0;707;0;0;0;0;0;0;0;0;0;0;0;0;0;0;0;5;16;3;8;5;4;0;41;0;0;0;0;0;0;0;0;0;0;0;0;0;0;0;707;41
10318;SUL 3;100;SAO PAULO;2;6;29828;CEL JTO A EE LAERTE RAMOS PROF DR;0;170;41;101;0;84;0;396;0;0;0;0;0;0;0;0;0;0;0;0;0;0;0;0;13;2;6;0;8;0;29;0;0;0;0;0;0;0;0;0;0;0;0;0;0;0;396;29
10318;SUL 3;100;SAO PAULO;2;6;985168;CEL JTO A EE PAULINO NUNES ESPOSO;0;206;0;29;0;0;0;235;0;0;0;0;0;0;0;0;0;0;0;0;0;0;0;0;9;0;1;0;0;0;10;0;0;0;0;0;0;0;0;0;0;0;0;0;0;0;235;10
10402;GUARULHOS SUL;336;GUARULHOS;2;6;985673;CEL JTO A EE ALICE CHUERY PROFESSORA;0;160;65;49;0;0;0;274;0;0;0;0;0;0;0;0;0;0;0;0;0;0;0;0;16;8;2;0;0;0;26;0;0;0;0;0;0;0;0;0;0;0;0;0;0;0;274;26
10403;GUARULHOS NORTE;336;GUARULHOS;2;6;407331;CEL JTO A EE CONRADO SIVILA ALSINA PADRE;0;255;71;92;78;0;0;496;0;0;0;0;0;0;0;0;0;0;0;0;0;0;0;0;16;7;3;7;0;0;33;0;0;0;0;0;0;0;0;0;0;0;0;0;0;0;496;33
10501;MOGI DAS CRUZES;454;MOGI DAS CRUZES;2;6;985752;CEL JTO A EE FRANCISCO FERREIRA LOPES;0;405;25;141;9;31;7;618;0;0;0;0;0;0;0;0;0;0;0;0;0;0;0;0;27;3;7;3;3;1;44;0;0;0;0;0;0;0;0;0;0;0;0;0;0;0;618;44
10602;MAUA;442;MAUA;2;6;985570;CEL JTO A EE MARLENE CAMARGO RIBEIRO;0;270;0;95;0;0;0;365;0;0;0;0;0;0;0;0;0;0;0;0;0;0;0;0;10;0;3;0;0;0;13;0;0;0;0;0;0;0;0;0;0;0;0;0;0;0;365;13
10606;SAO BERNARDO DO CAMPO;636;SAO CAETANO DO SUL;2;6;985211;CEL JTO A EE IDALINA MACEDO COSTA SODRE DONA;58;156;0;89;0;58;0;361;0;0;0;0;0;0;0;0;97;0;0;0;54;0;151;2;6;0;3;0;2;0;13;0;0;0;0;0;0;0;0;4;0;0;0;2;0;6;512;19
10701;CARAPICUIBA;255;CARAPICUIBA;2;6;407410;CEL JTO A EE WILLIAN RODRIGUES REBUA;0;201;48;0;0;13;0;262;0;0;0;0;0;0;0;0;0;0;0;0;0;0;0;0;9;2;0;0;1;0;12;0;0;0;0;0;0;0;0;0;0;0;0;0;0;0;262;12
10702;ITAPECERICA DA SERRA;370;ITAPECERICA DA SERRA;2;6;985697;CEL JTO A EE ASA BRANCA DA SERRA;0;78;0;0;0;0;0;78;0;0;0;0;0;0;0;0;0;0;0;0;0;0;0;0;4;0;0;0;0;0;4;0;0;0;0;0;0;0;0;0;0;0;0;0;0;0;78;4
10704;OSASCO;492;OSASCO;2;6;9542;CEL PAULO FREIRE;0;57;0;0;0;0;0;57;0;0;0;0;0;0;0;0;0;0;0;0;0;0;0;0;2;0;0;0;0;0;2;0;0;0;0;0;0;0;0;0;0;0;0;0;0;0;57;2
20103;SAO VICENTE;657;SAO VICENTE;2;6;985247;CEL JTO A EE MARTIM AFONSO;0;255;89;0;0;0;0;344;0;0;0;0;0;0;0;0;0;0;0;0;0;0;0;0;12;5;0;0;0;0;17;0;0;0;0;0;0;0;0;0;0;0;0;0;0;0;344;17
20202;GUARATINGUETA;282;CRUZEIRO;2;6;985260;CEL JTO A EE OSVALDO CRUZ;20;0;0;0;0;0;0;20;0;0;0;0;0;0;0;0;32;0;33;0;0;0;65;1;0;0;0;0;0;0;1;0;0;0;0;0;0;0;0;1;0;1;0;0;0;2;85;3
10101;NORTE 1;100;SAO PAULO;2;6;985004;CEL JTO A EE ANTONIO C C GUIMARAES FILHO PROFESSOR;0;53;0;0;0;0;0;53;0;0;0;0;0;0;0;0;0;0;0;0;0;0;0;0;3;0;0;0;0;0;3;0;0;0;0;0;0;0;0;0;0;0;0;0;0;0;53;3
10102;CENTRO;100;SAO PAULO;2;6;985028;CEL JTO A EE BUENOS AIRES;12;86;92;29;0;0;0;219;0;0;0;0;0;0;0;0;0;0;0;0;0;0;0;1;6;6;1;0;0;0;14;0;0;0;0;0;0;0;0;0;0;0;0;0;0;0;219;14
10207;LESTE 1;100;SAO PAULO;2;6;985053;CEL JTO A EE NOSSA SENHORA DA PENHA;52;440;82;105;38;24;0;741;0;0;0;0;0;0;0;0;0;0;0;0;0;0;0;4;26;5;4;3;1;0;43;0;0;0;0;0;0;0;0;0;0;0;0;0;0;0;741;43
10207;LESTE 1;100;SAO PAULO;2;6;985065;CEL JTO A EE ERMELINO MATARAZZO;0;287;116;117;0;0;0;520;0;0;0;0;0;0;0;0;0;0;0;0;0;0;0;0;17;7;4;0;0;0;28;0;0;0;0;0;0;0;0;0;0;0;0;0;0;0;520;28
10208;LESTE 4;100;SAO PAULO;2;6;411875;CEL JTO A EE DONA ZALINA ROLIM;0;74;0;86;0;0;0;160;0;0;0;0;0;0;0;0;0;0;0;0;0;0;0;0;6;0;4;0;0;0;10;0;0;0;0;0;0;0;0;0;0;0;0;0;0;0;160;10
10210;LESTE 2;100;SAO PAULO;2;6;458272;CEL JTO A EE DOM PEDRO I;20;40;16;32;0;0;0;108;0;0;0;0;0;0;0;0;395;126;193;0;67;0;781;1;2;1;1;0;0;0;5;0;0;0;0;0;0;0;0;18;5;6;0;2;0;31;889;36
10211;LESTE 3;100;SAO PAULO;2;6;985089;CEL JTO A EE FADLO HAIDAR;4;599;202;301;0;89;0;1195;0;0;0;0;0;0;0;0;0;0;0;0;0;0;0;1;28;10;11;0;3;0;53;0;0;0;0;0;0;0;0;0;0;0;0;0;0;0;1195;53
10312;CENTRO OESTE;100;SAO PAULO;2;6;431850;CEL JTO A EE ANHANGUERA;0;44;29;21;0;0;0;94;0;0;0;0;0;0;0;0;0;0;0;0;0;0;0;0;4;1;1;0;0;0;6;0;0;0;0;0;0;0;0;0;0;0;0;0;0;0;94;6
10312;CENTRO OESTE;100;SAO PAULO;2;6;985132;CEL JTO A EE RUI BLOEM;0;197;72;70;0;68;0;407;0;0;0;0;0;0;0;0;25;10;30;0;0;0;65;0;12;5;3;0;6;0;26;0;0;0;0;0;0;0;0;1;1;1;0;0;0;3;472;29
10316;CENTRO SUL;100;SAO PAULO;2;6;985120;CEL JTO A EE ALEXANDRE DE GUSMAO;0;163;63;25;43;58;0;352;0;0;0;0;0;0;0;0;0;0;0;0;0;0;0;0;12;6;1;3;6;0;28;0;0;0;0;0;0;0;0;0;0;0;0;0;0;0;352;28
10318;SUL 3;100;SAO PAULO;2;6;458351;CEL JTO A EE ESTHER GARCIA PROFA;0;82;0;9;0;0;0;91;0;0;0;0;0;0;0;0;0;0;0;0;0;0;0;0;5;0;1;0;0;0;6;0;0;0;0;0;0;0;0;0;0;0;0;0;0;0;91;6
10401;CAIEIRAS;311;FRANCISCO MORATO;2;6;985659;CEL JTO A EE LENITA CORREA CAMARGO PROFA;0;227;0;40;0;0;0;267;0;0;0;0;0;0;0;0;11;0;0;0;0;0;11;0;8;0;2;0;0;0;10;0;0;0;0;0;0;0;0;1;0;0;0;0;0;1;278;11
10401;CAIEIRAS;312;FRANCO DA ROCHA;2;6;499742;CEL JTO A EE BENEDITO FAGUNDES MARQUES PROF;0;218;0;77;0;0;0;295;0;0;0;0;0;0;0;0;0;0;0;0;0;0;0;0;15;0;3;0;0;0;18;0;0;0;0;0;0;0;0;0;0;0;0;0;0;0;295;18
10502;SUZANO;672;SUZANO;2;6;985181;CEL JTO A EE RAUL BRASIL PROFESSOR;0;526;106;30;0;84;0;746;0;0;0;0;0;0;0;0;0;0;0;0;0;0;0;0;37;8;1;0;7;0;53;0;0;0;0;0;0;0;0;0;0;0;0;0;0;0;746;53
10503;ITAQUAQUECETUBA;379;ITAQUAQUECETUBA;2;6;458545;CEL JTO A EE ZILDA BRACONI AMADOR PROFA;0;78;47;0;0;0;0;125;0;0;0;0;0;0;0;0;0;0;0;0;0;0;0;0;4;2;0;0;0;0;6;0;0;0;0;0;0;0;0;0;0;0;0;0;0;0;125;6
10503;ITAQUAQUECETUBA;546;POA;2;6;446026;CEL JTO A EE PAULO EDUARDO OLINTHO REHDER JORNALISTA;0;50;0;0;0;0;0;50;0;0;0;0;0;0;0;0;0;0;0;0;0;0;0;0;4;0;0;0;0;0;4;0;0;0;0;0;0;0;0;0;0;0;0;0;0;0;50;4
10602;MAUA;442;MAUA;2;6;458570;CEL JTO A EE OLAVO HANSEN;0;271;26;66;0;0;0;363;0;0;0;0;0;0;0;0;27;35;0;0;0;0;62;0;11;1;2;0;0;0;14;0;0;0;0;0;0;0;0;1;1;0;0;0;0;2;425;16
20205;SAO JOSE DOS CAMPOS;645;SAO JOSE DOS CAMPOS;2;6;985259;CEL JTO A EE ESTEVAM FERRI PROFESSOR;7;204;43;130;15;48;0;447;0;0;0;0;0;0;0;0;0;0;0;0;0;0;0;1;15;3;6;2;4;0;31;0;0;0;0;0;0;0;0;0;0;0;0;0;0;0;447;31
20206;TAUBATE;234;CACAPAVA;2;6;985740;CEL JTO A EE MINISTRO JOSE MOURA RESENDE;0;38;0;0;0;0;0;38;0;0;0;0;0;0;0;0;0;0;0;0;0;0;0;0;2;0;0;0;0;0;2;0;0;0;0;0;0;0;0;0;0;0;0;0;0;0;38;2
20302;AVARE;194;AVARE;2;6;985272;CEL JTO A EE JOAO CRUZ;0;181;29;49;5;85;0;349;0;0;0;0;0;0;0;0;49;27;48;7;7;0;138;0;14;4;3;2;6;0;29;0;0;0;0;0;0;0;0;3;2;2;1;1;0;9;487;38
20303;BOTUCATU;412;LARANJAL PAULISTA;2;6;458284;CEL JTO A EE LUIZ CAMPACCI;0;100;0;61;0;0;0;161;0;0;0;0;0;0;0;0;0;0;0;0;0;0;0;0;8;0;4;0;0;0;12;0;0;0;0;0;0;0;0;0;0;0;0;0;0;0;161;12
20303;BOTUCATU;507;PARDINHO;2;6;458302;CEL JTO A EE NAPOLEAO CORULE;0;0;0;15;0;0;0;15;0;0;0;0;0;0;0;0;0;0;0;0;0;0;0;0;0;0;1;0;0;0;1;0;0;0;0;0;0;0;0;0;0;0;0;0;0;0;15;1
20304;ITAPETININGA;371;ITAPETININGA;2;6;444339;CEL JTO A EE PEIXOTO GOMIDE;0;41;15;38;12;0;0;106;0;0;0;0;0;0;0;0;0;0;0;0;0;0;0;0;7;3;2;2;0;0;14;0;0;0;0;0;0;0;0;0;0;0;0;0;0;0;106;14
20308;SOROCABA;669;SOROCABA;2;6;417427;CEL JTO A EE JULIO PRESTES DE ALBUQUERQUE DOUTOR;21;284;71;138;8;64;0;586;0;0;0;0;0;0;0;0;0;0;0;0;0;0;0;2;18;7;5;2;5;0;39;0;0;0;0;0;0;0;0;0;0;0;0;0;0;0;586;39
20310;VOTORANTIM;602;SALTO DE PIRAPORA;2;6;458855;CEL JTO A EE AFONSO VERGUEIRO DOUTOR;0;68;0;0;0;0;0;68;0;0;0;0;0;0;0;0;0;0;0;0;0;0;0;0;8;0;0;0;0;0;8;0;0;0;0;0;0;0;0;0;0;0;0;0;0;0;68;8
20313;ITARARE;380;ITARARE;2;6;441430;CEL JTO A EE TOME TEIXEIRA;0;12;3;0;0;0;0;15;0;0;0;0;0;0;0;0;0;0;0;0;0;0;0;0;1;1;0;0;0;0;2;0;0;0;0;0;0;0;0;0;0;0;0;0;0;0;15;2
20401;AMERICANA;165;AMERICANA;2;6;433639;CEL JTO A EE PROFA OLYMPIA BARTH DE OLIVEIRA;0;16;0;0;0;0;0;16;0;0;0;0;0;0;0;0;0;0;0;0;0;0;0;0;2;0;0;0;0;0;2;0;0;0;0;0;0;0;0;0;0;0;0;0;0;0;16;2
20407;JUNDIAI;407;JUNDIAI;2;6;985797;CEL JTO A EE MARIA DE LOURDES FRANCA SILVEIRA PROFESSORA;0;0;0;0;0;0;0;0;0;0;0;0;0;0;0;0;71;0;25;0;0;0;96;0;0;0;0;0;0;0;0;0;0;0;0;0;0;0;0;3;0;1;0;0;0;4;96;4
20408;LIMEIRA;417;LIMEIRA;2;6;985776;CEL JTO A EE CASTELO BRANCO;0;181;0;59;0;0;0;240;0;0;0;0;0;0;0;0;0;0;0;0;0;0;0;0;10;0;3;0;0;0;13;0;0;0;0;0;0;0;0;0;0;0;0;0;0;0;240;13
20413;SAO JOAO DA BOA VISTA;530;ESPIRITO SANTO DO PINHAL;2;6;460000;CEL JTO A EE LEME CARDEAL;0;51;0;35;0;0;0;86;0;0;0;0;0;0;0;0;0;0;0;0;0;0;0;0;4;0;1;0;0;0;5;0;0;0;0;0;0;0;0;0;0;0;0;0;0;0;86;5
20413;SAO JOAO DA BOA VISTA;680;TAMBAU;2;6;460205;CEL JTO A EE DONIZETTI TAVARES DE LIMA PE;0;0;0;31;0;0;0;31;0;0;0;0;0;0;0;0;0;0;0;0;0;0;0;0;0;0;1;0;0;0;1;0;0;0;0;0;0;0;0;0;0;0;0;0;0;0;31;1
20415;SUMARE;671;SUMARE;2;6;985727;CEL JTO A EE JAYME DE BARROS CAMARA DOM;0;329;0;79;0;0;0;408;0;0;0;0;0;0;0;0;125;0;30;0;0;0;155;0;19;0;4;0;0;0;23;0;0;0;0;0;0;0;0;5;0;1;0;0;0;6;563;29
20415;SUMARE;748;HORTOLANDIA;2;6;459112;CEL JTO A EE LIOMAR FREITAS CAMARA PROFA;0;199;0;36;0;0;0;235;0;0;0;0;0;0;0;0;0;0;0;0;0;0;0;0;11;0;1;0;0;0;12;0;0;0;0;0;0;0;0;0;0;0;0;0;0;0;235;12
20419;CAPIVARI;588;RIO DAS PEDRAS;2;6;458612;CEL JTO A EE MANOEL DA COSTA NEVES PROF;0;57;0;0;0;0;0;57;0;0;0;0;0;0;0;0;0;0;0;0;0;0;0;0;3;0;0;0;0;0;3;0;0;0;0;0;0;0;0;0;0;0;0;0;0;0;57;3
10606;SAO BERNARDO DO CAMPO;635;SAO BERNARDO DO CAMPO;2;6;985200;CEL JTO A EE 20 DE AGOSTO;61;437;35;161;0;0;0;694;0;0;0;0;0;0;0;0;0;0;0;0;0;0;0;2;16;1;5;0;0;0;24;0;0;0;0;0;0;0;0;0;0;0;0;0;0;0;694;24
10704;OSASCO;492;OSASCO;2;6;9537;CEL PROF ORLANDO GERIBOLA;0;49;0;40;0;0;0;89;0;0;0;0;0;0;0;0;0;0;0;0;0;0;0;0;2;0;2;0;0;0;4;0;0;0;0;0;0;0;0;0;0;0;0;0;0;0;89;4
20102;SANTOS;633;SANTOS;2;6;564801;CEL JTO A ZULMIRA CAMPOS;0;7;0;0;0;0;0;7;0;0;0;0;0;0;0;0;0;0;0;0;0;0;0;0;2;0;0;0;0;0;2;0;0;0;0;0;0;0;0;0;0;0;0;0;0;0;7;2
20102;SANTOS;633;SANTOS;2;6;985594;CEL JTO A EE OLGA CURY;0;0;0;35;0;0;0;35;0;0;0;0;0;0;0;0;0;0;0;0;0;0;0;0;0;0;1;0;0;0;1;0;0;0;0;0;0;0;0;0;0;0;0;0;0;0;35;1
20103;SAO VICENTE;369;ITANHAEM;2;6;985624;CEL JTO A EE BENEDITO CALIXTO;0;167;46;97;0;0;0;310;0;0;0;0;0;0;0;0;0;0;0;0;0;0;0;0;8;2;4;0;0;0;14;0;0;0;0;0;0;0;0;0;0;0;0;0;0;0;310;14
20202;GUARATINGUETA;284;CUNHA;2;6;459203;CEL JTO A EE PAULO VIRGINIO;17;39;0;28;0;0;0;84;0;0;0;0;0;0;0;0;30;0;0;0;0;0;30;1;2;0;1;0;0;0;4;0;0;0;0;0;0;0;0;1;0;0;0;0;0;1;114;5
20204;PINDAMONHANGABA;528;PINDAMONHANGABA;2;6;460278;CEL JTO A EE ALFREDO PUJOL DOUTOR;0;237;0;121;0;0;0;358;0;0;0;0;0;0;0;0;0;0;0;0;0;0;0;0;15;0;5;0;0;0;20;0;0;0;0;0;0;0;0;0;0;0;0;0;0;0;358;20
20204;PINDAMONHANGABA;695;TREMEMBE;2;6;460291;CEL JTO A EE MANUEL CABRAL;0;22;0;0;0;0;0;22;0;0;0;0;0;0;0;0;0;0;0;0;0;0;0;0;1;0;0;0;0;0;1;0;0;0;0;0;0;0;0;0;0;0;0;0;0;0;22;1
20207;JACAREI;392;JACAREI;2;6;459586;CEL JTO A EE FRANCISCO F FERREIRA DA SILVA PROF;0;149;0;54;34;0;0;237;0;0;0;0;0;0;0;0;0;0;0;0;0;0;0;0;10;0;2;2;0;0;14;0;0;0;0;0;0;0;0;0;0;0;0;0;0;0;237;14
20303;BOTUCATU;224;BOTUCATU;2;6;458260;CEL JTO EE SOPHIA GABRIEL DE OLIVEIRA PROFA;0;51;0;0;0;0;0;51;0;0;0;0;0;0;0;0;18;0;0;0;0;0;18;0;3;0;0;0;0;0;3;0;0;0;0;0;0;0;0;1;0;0;0;0;0;1;69;4
20306;ITU;387;ITU;2;6;985648;CEL JTO A EE REGENTE FEIJO;0;79;0;57;0;0;0;136;0;0;0;0;0;0;0;0;0;0;0;0;0;0;0;0;5;0;2;0;0;0;7;0;0;0;0;0;0;0;0;0;0;0;0;0;0;0;136;7
20307;SAO ROQUE;345;IBIUNA;2;6;466165;CEL JTO A EE MARIA ANGERAMI SCALAMANDRE;0;132;82;20;32;38;0;304;0;0;0;0;0;0;0;0;23;0;0;0;21;0;44;0;8;5;1;2;3;0;19;0;0;0;0;0;0;0;0;1;0;0;0;1;0;2;348;21
20308;SOROCABA;669;SOROCABA;2;6;985284;CEL JTO A EE ANTONIO PADILHA;58;387;124;159;0;84;0;812;0;0;0;0;0;0;0;0;0;0;0;0;0;0;0;4;25;9;6;0;7;0;51;0;0;0;0;0;0;0;0;0;0;0;0;0;0;0;812;51
20310;VOTORANTIM;178;ARACOIABA DA SERRA;2;6;458697;CEL JTO A EE MARIA ANGELICA BAILLOT PROFA;0;28;0;0;0;0;0;28;0;0;0;0;0;0;0;0;0;0;0;0;0;0;0;0;3;0;0;0;0;0;3;0;0;0;0;0;0;0;0;0;0;0;0;0;0;0;28;3
20310;VOTORANTIM;526;PIEDADE;2;6;446973;CEL JTO A EE CARLOS AUGUSTO DE CAMARGO PROFESSOR;0;28;0;0;0;0;0;28;0;0;0;0;0;0;0;0;0;0;0;0;0;0;0;0;6;0;0;0;0;0;6;0;0;0;0;0;0;0;0;0;0;0;0;0;0;0;28;6
20310;VOTORANTIM;527;PILAR DO SUL;2;6;458752;CEL JTO A EE ODILON BATISTA JORDAO VER;0;5;0;0;0;0;0;5;0;0;0;0;0;0;0;0;0;0;0;0;0;0;0;0;1;0;0;0;0;0;1;0;0;0;0;0;0;0;0;0;0;0;0;0;0;0;5;1
20413;SAO JOAO DA BOA VISTA;453;MOCOCA;2;6;460011;CEL JTO A EE JUSTINO GOMES DE CASTRO MAESTRO;0;62;0;0;0;0;0;62;0;0;0;0;0;0;0;0;0;0;0;0;0;0;0;0;3;0;0;0;0;0;3;0;0;0;0;0;0;0;0;0;0;0;0;0;0;0;62;3
20204;PINDAMONHANGABA;528;PINDAMONHANGABA;2;6;474770;CEL JTO A EE ANTONIA CARLOTA GOMES PROFESSORA;0;100;0;0;0;0;0;100;0;0;0;0;0;0;0;0;0;0;0;0;0;0;0;0;6;0;0;0;0;0;6;0;0;0;0;0;0;0;0;0;0;0;0;0;0;0;100;6
20207;JACAREI;188;ARUJA;2;6;9455;CEL JTO EE WASHINGTON LUIZ PEREIRA DE SOUZA DR;0;52;0;0;0;0;0;52;0;0;0;0;0;0;0;0;0;0;0;0;0;0;0;0;2;0;0;0;0;0;2;0;0;0;0;0;0;0;0;0;0;0;0;0;0;0;52;2
20305;ITAPEVA;251;CAPAO BONITO;2;6;459495;CEL JTO A EE RAUL VENTURELLI DR;0;171;0;35;0;0;0;206;0;0;0;0;0;0;0;0;37;0;0;0;0;0;37;0;8;0;1;0;0;0;9;0;0;0;0;0;0;0;0;2;0;0;0;0;0;2;243;11
20305;ITAPEVA;372;ITAPEVA;2;6;388300;CEL JTO A EE PROF? ZULMIRA DE OLIVEIRA;0;19;0;41;0;0;0;60;0;0;0;0;0;0;0;0;0;0;0;0;0;0;0;0;3;0;2;0;0;0;5;0;0;0;0;0;0;0;0;0;0;0;0;0;0;0;60;5
20306;ITU;554;PORTO FELIZ;2;6;459549;CEL JTO A EE SECKLER MONSENHOR;0;0;0;35;0;0;0;35;0;0;0;0;0;0;0;0;0;0;0;0;0;0;0;0;0;0;1;0;0;0;1;0;0;0;0;0;0;0;0;0;0;0;0;0;0;0;35;1
20310;VOTORANTIM;717;VOTORANTIM;2;6;438030;CEL JTO A EE DANIEL VERANO PROFESSOR;0;126;71;47;11;0;0;255;0;0;0;0;0;0;0;0;0;0;0;0;0;0;0;0;11;8;5;3;0;0;27;0;0;0;0;0;0;0;0;0;0;0;0;0;0;0;255;27
20311;PIRAJU;537;PIRAJU;2;6;460382;CEL JTO A EE JOAQUIM GUILHERME MOREIRA PORTO DR;0;260;0;64;0;38;0;362;0;0;0;0;0;0;0;0;110;0;24;26;12;0;172;0;12;0;2;0;2;0;16;0;0;0;0;0;0;0;0;4;0;1;1;1;0;7;534;23
20404;CAMPINAS OESTE;244;CAMPINAS;2;6;985600;CEL JTO A EE ORLANDO SIGNORELLI;0;127;0;0;0;0;0;127;0;0;0;0;0;0;0;0;0;0;0;0;0;0;0;0;6;0;0;0;0;0;6;0;0;0;0;0;0;0;0;0;0;0;0;0;0;0;127;6
20410;PIRACICABA;535;PIRACICABA;2;6;460357;CEL JTO A EE ELIAS DE MELLO AYRES PROFESSOR;0;9;0;0;0;0;0;9;0;0;0;0;0;0;0;0;0;0;0;0;0;0;0;0;3;0;0;0;0;0;3;0;0;0;0;0;0;0;0;0;0;0;0;0;0;0;9;3
20413;SAO JOAO DA BOA VISTA;152;AGUAI;2;6;459902;CEL JTO A EE GERALDO LOURENCO PADRE;0;5;0;0;0;0;0;5;0;0;0;0;0;0;0;0;0;0;0;0;0;0;0;0;1;0;0;0;0;0;1;0;0;0;0;0;0;0;0;0;0;0;0;0;0;0;5;1
20413;SAO JOAO DA BOA VISTA;711;VARGEM GRANDE DO SUL;2;6;459872;CEL JTO A EE BENJAMIN BASTOS;0;23;0;0;0;0;0;23;0;0;0;0;0;0;0;0;0;0;0;0;0;0;0;0;2;0;0;0;0;0;2;0;0;0;0;0;0;0;0;0;0;0;0;0;0;0;23;2
20501;ARARAQUARA;181;ARARAQUARA;2;6;985314;CEL JTO A EE JOAO MANOEL DO AMARAL;0;152;5;44;0;0;0;201;0;0;0;0;0;0;0;0;0;0;0;0;0;0;0;0;9;1;2;0;0;0;12;0;0;0;0;0;0;0;0;0;0;0;0;0;0;0;201;12
20501;ARARAQUARA;441;MATAO;2;6;447341;CEL JTO A EE HENRIQUE MORATO PROF;0;195;12;116;40;0;0;363;0;0;0;0;0;0;0;0;0;0;0;0;0;0;0;0;12;1;4;2;0;0;19;0;0;0;0;0;0;0;0;0;0;0;0;0;0;0;363;19
20504;FRANCA;310;FRANCA;2;6;498981;CEL JTO A EE PROF HELIO PALERMO;0;103;7;28;0;3;0;141;0;0;0;0;0;0;0;0;92;10;35;0;0;0;137;0;6;1;1;0;1;0;9;0;0;0;0;0;0;0;0;5;1;1;0;0;0;7;278;16
20504;FRANCA;310;FRANCA;2;6;499511;CEL JTO A EE PEDRO NUNES DA ROCHA PROF;0;43;40;21;0;0;0;104;0;0;0;0;0;0;0;0;81;30;30;0;0;0;141;0;2;2;1;0;0;0;5;0;0;0;0;0;0;0;0;4;1;1;0;0;0;6;245;11
20506;JABOTICABAL;391;JABOTICABAL;2;6;985326;CEL JTO A EE AURELIO ARROBAS MARTINS;0;42;0;0;0;0;0;42;0;0;0;0;0;0;0;0;0;0;0;0;0;0;0;0;2;0;0;0;0;0;2;0;0;0;0;0;0;0;0;0;0;0;0;0;0;0;42;2
20509;SAO CARLOS;637;SAO CARLOS;2;6;457711;CEL JTO A EE ALVARO GUIAO DOUTOR;0;21;0;21;2;0;0;44;0;0;0;0;0;0;0;0;70;0;20;0;0;0;90;0;2;0;1;1;0;0;4;0;0;0;0;0;0;0;0;4;0;1;0;0;0;5;134;9
20502;BARRETOS;204;BARRETOS;2;6;433559;CEL JTO A EE ANTONIO OLYMPIO DOUTOR;0;0;0;46;0;125;0;171;0;0;0;0;0;0;0;0;0;0;31;0;0;0;31;0;0;0;2;0;5;0;7;0;0;0;0;0;0;0;0;0;0;1;0;0;0;1;202;8
20504;FRANCA;280;CRISTAIS PAULISTA;2;6;6271;CEL JTO A EE JOAO DE FARIA;0;186;0;29;0;41;0;256;0;0;0;0;0;0;0;0;0;0;0;0;0;0;0;0;7;0;1;0;2;0;10;0;0;0;0;0;0;0;0;0;0;0;0;0;0;0;256;10
20504;FRANCA;310;FRANCA;2;6;458831;CEL JTO A EE SUDARIO FERREIRA;0;41;0;0;0;0;0;41;0;0;0;0;0;0;0;0;0;0;0;0;0;0;0;0;5;0;0;0;0;0;5;0;0;0;0;0;0;0;0;0;0;0;0;0;0;0;41;5
20504;FRANCA;385;ITIRAPUA;2;6;458892;CEL JTO A EE HENRIQUE LESPINASSE PROF;0;57;0;19;0;0;0;76;0;0;0;0;0;0;0;0;0;0;0;0;0;0;0;0;4;0;1;0;0;0;5;0;0;0;0;0;0;0;0;0;0;0;0;0;0;0;76;5
20506;JABOTICABAL;210;BEBEDOURO;2;6;433548;CEL JTO A EE PARAISO CAVALCANTI DOUTOR;0;5;0;0;0;0;0;5;0;0;0;0;0;0;0;0;0;0;0;0;0;0;0;0;1;0;0;0;0;0;1;0;0;0;0;0;0;0;0;0;0;0;0;0;0;0;5;1
20507;RIBEIRAO PRETO;582;RIBEIRAO PRETO;2;6;460461;CEL JTO A EE WALTER FERREIRA PROF;0;141;0;21;0;0;0;162;0;0;0;0;0;0;0;0;0;0;0;0;0;0;0;0;7;0;1;0;0;0;8;0;0;0;0;0;0;0;0;0;0;0;0;0;0;0;162;8
20511;TAQUARITINGA;375;ITAPOLIS;2;6;985338;CEL JTO A EE ANTONIO MORAES BARROS DR;0;188;0;55;67;0;0;310;0;0;0;0;0;0;0;0;32;0;0;0;0;0;32;0;7;0;2;3;0;0;12;0;0;0;0;0;0;0;0;1;0;0;0;0;0;1;342;13
20512;SERTAOZINHO;294;DUMONT;2;6;459264;CEL JTO A EE NESTOR GOMES DE ARAUJO PROF;0;38;0;0;0;0;0;38;0;0;0;0;0;0;0;0;0;0;0;0;0;0;0;0;2;0;0;0;0;0;2;0;0;0;0;0;0;0;0;0;0;0;0;0;0;0;38;2
20604;LINS;419;LINS;2;6;449106;CEL JTO A EE FERNANDO COSTA;0;18;0;0;0;0;0;18;0;0;0;0;0;0;0;0;0;0;0;0;0;0;0;0;2;0;0;0;0;0;2;0;0;0;0;0;0;0;0;0;0;0;0;0;0;0;18;2
20703;JALES;396;JALES;2;6;985715;CEL JTO A EE DOM ARTUR HORSTHUIS;0;98;27;20;14;0;0;159;0;0;0;0;0;0;0;0;115;15;59;8;0;0;197;0;5;2;1;1;0;0;9;0;0;0;0;0;0;0;0;4;1;2;1;0;0;8;356;17
20710;SAO JOSE DO RIO PRETO;647;SAO JOSE DO RIO PRETO;2;6;985405;CEL JTO A EE MONSENHOR GONCALVES;0;173;25;71;28;0;0;297;0;0;0;0;0;0;0;0;145;42;22;8;0;0;217;0;11;3;3;2;0;0;19;0;0;0;0;0;0;0;0;7;2;1;1;0;0;11;514;30
20904;PRESIDENTE PRUDENTE;440;MARTINOPOLIS;2;6;460485;CEL JTO A EE JOAO GOMES MARTINS CORONEL;0;3;0;0;0;0;0;3;0;0;0;0;0;0;0;0;0;0;0;0;0;0;0;0;1;0;0;0;0;0;1;0;0;0;0;0;0;0;0;0;0;0;0;0;0;0;3;1
20909;MIRANTE DO PARANAPANEMA;690;TEODORO SAMPAIO;2;6;459948;CEL JTO A EE ARTHUR RIBEIRO;0;26;0;0;0;0;0;26;0;0;0;0;0;0;0;0;0;0;0;0;0;0;0;0;2;0;0;0;0;0;2;0;0;0;0;0;0;0;0;0;0;0;0;0;0;0;26;2
21001;ASSIS;501;PALMITAL;2;6;341010;CEL JTO A EE ADALGISA CAVEZZALE DE CAMPOS PROFA;0;100;0;0;31;11;0;142;0;0;0;0;0;0;0;0;11;0;0;15;11;0;37;0;5;0;0;2;1;0;8;0;0;0;0;0;0;0;0;1;0;0;1;1;0;3;179;11
21101;MIRACATU;448;MIRACATU;2;6;459781;CEL JTO A EE ARMANDO GONCALVES PROF;0;56;0;0;0;0;0;56;0;0;0;0;0;0;0;0;0;0;0;0;0;0;0;0;3;0;0;0;0;0;3;0;0;0;0;0;0;0;0;0;0;0;0;0;0;0;56;3
20501;ARARAQUARA;166;AMERICO BRASILIENSE;2;6;458173;CEL JTO A EE DINORA MARCONDES GOMES PROFA;0;44;1;24;0;0;0;69;0;0;0;0;0;0;0;0;0;0;0;0;0;0;0;0;5;1;1;0;0;0;7;0;0;0;0;0;0;0;0;0;0;0;0;0;0;0;69;7
20501;ARARAQUARA;181;ARARAQUARA;2;6;462020;CEL JTO A MARIA ISABEL RODRIGUES ORSO PROFA;0;64;0;35;0;0;0;99;0;0;0;0;0;0;0;15;79;22;0;6;0;0;122;0;3;0;1;0;0;0;4;0;0;0;0;0;0;0;2;7;2;0;1;0;0;12;221;16
20502;BARRETOS;322;GUAIRA;2;6;458193;CEL JTO A EE ENOCH GARCIA LEAL;0;51;0;0;0;0;0;51;0;0;0;0;0;0;0;0;0;0;0;0;0;0;0;0;4;0;0;0;0;0;4;0;0;0;0;0;0;0;0;0;0;0;0;0;0;0;51;4
20502;BARRETOS;487;OLIMPIA;2;6;433561;CEL JTO A EE ANTONIO AUGUSTO REIS NEVES DOUTOR;0;120;25;0;0;0;0;145;0;0;0;0;0;0;0;0;0;0;0;0;0;0;0;0;6;2;0;0;0;0;8;0;0;0;0;0;0;0;0;0;0;0;0;0;0;0;145;8
20504;FRANCA;310;FRANCA;2;6;985818;CEL JTO A EE TORQUATO CALEIRO;0;26;0;32;0;6;0;64;0;0;0;0;0;0;0;0;284;0;118;0;0;0;402;0;2;0;1;0;1;0;4;0;0;0;0;0;0;0;0;11;0;4;0;0;0;15;466;19
20506;JABOTICABAL;334;GUARIBA;2;6;459562;CEL JTO A EE JOSE PACIFICO;0;0;0;36;0;0;0;36;0;0;0;0;0;0;0;0;0;0;0;0;0;0;0;0;0;0;1;0;0;0;1;0;0;0;0;0;0;0;0;0;0;0;0;0;0;0;36;1
20511;TAQUARITINGA;344;IBITINGA;2;6;459100;CEL JTO A EE IRACEMA DE OLIVEIRA CARLOS;0;158;12;91;39;0;0;300;0;0;0;0;0;0;0;0;41;24;0;19;0;0;84;0;6;1;4;2;0;0;13;0;0;0;0;0;0;0;0;2;1;0;1;0;0;4;384;17
20512;SERTAOZINHO;550;PONTAL;2;6;459173;CEL JTO A EE JOSEPHA CASTRO PROFA;0;0;0;0;0;0;0;0;0;0;0;0;0;0;0;0;47;0;0;0;0;0;47;0;0;0;0;0;0;0;0;0;0;0;0;0;0;0;0;2;0;0;0;0;0;2;47;2
20602;JAU;348;IGARACU DO TIETE;2;6;985831;CEL JTO A EE JOSE CONTI;0;51;0;31;0;0;0;82;0;0;0;0;0;0;0;0;80;0;72;0;0;0;152;0;2;0;1;0;0;0;3;0;0;0;0;0;0;0;0;3;0;2;0;0;0;5;234;8
20701;CATANDUVA;483;NOVO HORIZONTE;2;6;458788;CEL JTO A EE MARIO FLORENCE PROFESSOR;0;0;0;28;0;0;0;28;0;0;0;0;0;0;0;0;0;0;0;0;0;0;0;0;0;0;2;0;0;0;2;0;0;0;0;0;0;0;0;0;0;0;0;0;0;0;28;2
20711;VOTUPORANGA;718;VOTUPORANGA;2;6;985739;CEL JTO A EE JOSE MANOEL LOBO DR;0;10;0;0;0;0;0;10;0;0;0;0;0;0;0;0;14;0;0;0;0;0;14;0;1;0;0;0;0;0;1;0;0;0;0;0;0;0;0;1;0;0;0;0;0;1;24;2
20802;ARACATUBA;177;ARACATUBA;2;6;985417;CEL JTO A EE MANOEL BENTO DA CRUZ;0;227;7;128;0;54;0;416;0;0;0;0;0;0;0;0;0;0;0;0;0;0;0;0;14;1;6;0;3;0;24;0;0;0;0;0;0;0;0;0;0;0;0;0;0;0;416;24
20804;PENAPOLIS;521;PENAPOLIS;2;6;460242;CEL JTO A EE ADELINO PETERS;0;118;0;26;0;58;0;202;0;0;0;0;0;0;0;0;0;0;0;0;0;0;0;0;8;0;1;0;3;0;12;0;0;0;0;0;0;0;0;0;0;0;0;0;0;0;202;12
20901;ADAMANTINA;494;OSVALDO CRUZ;2;6;985430;CEL JTO A EE OSVALDO MARTINS;0;10;0;0;0;0;0;10;0;0;0;0;0;0;0;0;0;0;0;0;0;0;0;0;1;0;0;0;0;0;1;0;0;0;0;0;0;0;0;0;0;0;0;0;0;0;10;1
20904;PRESIDENTE PRUDENTE;562;PRESIDENTE PRUDENTE;2;6;985442;CEL JTO A EE MONSENHOR SARRION;0;211;40;65;0;26;0;342;0;0;0;0;0;0;0;0;106;32;55;23;33;0;249;0;11;3;3;0;2;0;19;0;0;0;0;0;0;0;0;4;2;2;1;2;0;11;591;30
20909;MIRANTE DO PARANAPANEMA;450;MIRANTE DO PARANAPANEMA;2;6;459859;CEL JTO A EE JOSE QUIRINO CAVALCANTE;0;67;0;32;0;0;0;99;0;0;0;0;0;0;0;0;0;0;0;0;0;0;0;0;4;0;1;0;0;0;5;0;0;0;0;0;0;0;0;0;0;0;0;0;0;0;99;5
21001;ASSIS;189;ASSIS;2;6;428760;CEL JTO A EE PROF CARLOS ALBERTO DE OLIVEIRA;0;123;32;60;17;30;0;262;0;0;0;0;0;0;0;6;83;5;48;11;45;0;198;0;6;2;3;2;2;0;15;0;0;0;0;0;0;0;1;4;1;2;1;2;0;11;460;26
20510;SAO JOAQUIM DA BARRA;642;SAO JOAQUIM DA BARRA;2;6;459720;CEL JTO A EE MANOEL GOUVEIA DE LIMA;0;3;0;0;0;0;0;3;0;0;0;0;0;0;0;0;0;0;0;0;0;0;0;0;1;0;0;0;0;0;1;0;0;0;0;0;0;0;0;0;0;0;0;0;0;0;3;1
20511;TAQUARITINGA;684;TAQUARITINGA;2;6;985545;CEL JTO A EE 9 DE JULHO;0;55;39;38;0;0;0;132;0;0;0;0;0;0;0;0;128;0;76;0;0;0;204;0;2;2;1;0;0;0;5;0;0;0;0;0;0;0;0;5;0;2;0;0;0;7;336;12
20601;BAURU;209;BAURU;2;6;985582;CEL JTO A EE CHRISTINO CABRAL PROF;0;106;0;48;0;26;0;180;0;0;0;0;0;0;0;0;0;0;0;0;0;0;0;0;7;0;2;0;3;0;12;0;0;0;0;0;0;0;0;0;0;0;0;0;0;0;180;12
20601;BAURU;416;LENCOIS PAULISTA;2;6;458211;CEL JTO A EE VIRGILIO CAPOANI;0;161;0;31;0;0;0;192;0;0;0;0;0;0;0;0;0;0;0;0;0;0;0;0;10;0;1;0;0;0;11;0;0;0;0;0;0;0;0;0;0;0;0;0;0;0;192;11
20602;JAU;289;DOIS CORREGOS;2;6;459598;CEL JTO A EE JOSE ALVES MIRA;0;96;0;23;0;0;0;119;0;0;0;0;0;0;0;0;124;0;27;0;0;0;151;0;4;0;1;0;0;0;5;0;0;0;0;0;0;0;0;4;0;1;0;0;0;5;270;10
20602;JAU;401;JAU;2;6;985348;CEL JTO A EE MAJOR PRADO;0;116;25;36;0;0;0;177;0;0;0;0;0;0;0;0;105;29;56;0;0;0;190;0;9;2;2;0;0;0;13;0;0;0;0;0;0;0;0;5;1;2;0;0;0;8;367;21
20701;CATANDUVA;260;CATANDUVA;2;6;363613;CEL JTO A EE BARAO DO RIO BRANCO;10;136;35;22;31;0;0;234;0;0;0;0;0;0;0;0;105;0;36;9;0;0;150;1;7;2;1;2;0;0;13;0;0;0;0;0;0;0;0;4;0;1;1;0;0;6;384;19
20703;JALES;614;SANTA FE DO SUL;2;6;985806;CEL JTO A EE ITAEL DE MATOS PROFESSOR;0;182;0;46;0;0;0;228;0;0;0;0;0;0;0;0;129;0;48;0;0;0;177;0;7;0;2;0;0;0;9;0;0;0;0;0;0;0;0;5;0;2;0;0;0;7;405;16
20710;SAO JOSE DO RIO PRETO;478;NOVA GRANADA;2;6;985399;CEL JTO A EE FRANCISCO MARQUES PINTO;0;0;0;0;0;0;0;0;0;0;0;0;0;0;0;0;200;21;64;30;0;0;315;0;0;0;0;0;0;0;0;0;0;0;0;0;0;0;0;8;1;2;1;0;0;12;315;12
20803;BIRIGUI;214;BIRIGUI;2;6;433640;CEL JTO A EE STELIO MACHADO LOUREIRO PROFESSOR;0;200;30;34;34;0;0;298;0;0;0;0;0;0;0;0;0;0;0;0;0;0;0;0;8;1;1;1;0;0;11;0;0;0;0;0;0;0;0;0;0;0;0;0;0;0;298;11
20901;ADAMANTINA;292;DRACENA;2;6;458090;CEL JTO A EE ENGENHEIRO ISAC PEREIRA GARCEZ;0;1;0;0;0;0;0;1;0;0;0;0;0;0;0;0;0;0;0;0;0;0;0;0;1;0;0;0;0;0;1;0;0;0;0;0;0;0;0;0;0;0;0;0;0;0;1;1
21001;ASSIS;503;PARAGUACU PAULISTA;2;6;985521;CEL JTO A EE DIVA FIGUEIREDO DA SILVEIRA;0;46;0;0;0;0;0;46;0;0;0;0;0;0;0;0;0;0;0;0;0;0;0;0;3;0;0;0;0;0;3;0;0;0;0;0;0;0;0;0;0;0;0;0;0;0;46;3
21003;MARILIA;315;GARCA;2;6;985491;CEL JTO A EE PROFA LYDIA YVONE GOMES MARQUES;0;25;0;33;0;0;0;58;0;0;0;0;0;0;0;0;0;0;0;0;0;0;0;0;1;0;1;0;0;0;2;0;0;0;0;0;0;0;0;0;0;0;0;0;0;0;58;2
21003;MARILIA;548;POMPEIA;2;6;459768;CEL JTO A EE CULTURA E LIBERDADE;0;169;0;76;0;0;0;245;0;0;0;0;0;0;0;0;0;0;0;0;0;0;0;0;9;0;3;0;0;0;12;0;0;0;0;0;0;0;0;0;0;0;0;0;0;0;245;12
21004;OURINHOS;495;OURINHOS;2;6;363625;CEL JTO A EE DOMINGOS CAMERLINGO CALO;0;0;0;0;0;0;0;0;0;0;0;0;0;0;0;0;139;0;35;0;0;0;174;0;0;0;0;0;0;0;0;0;0;0;0;0;0;0;0;7;0;1;0;0;0;8;174;8
21004;OURINHOS;612;SANTA CRUZ DO RIO PARDO;2;6;460230;CEL JTO A EE LEONIDAS DO AMARAL VIEIRA;0;0;0;0;0;0;0;0;0;0;0;0;0;0;0;0;36;0;37;0;0;0;73;0;0;0;0;0;0;0;0;0;0;0;0;0;0;0;0;2;0;1;0;0;0;3;73;3
21102;REGISTRO;574;REGISTRO;2;6;985533;CEL JTO A EE FABIO BARRETO DOUTOR;0;135;0;73;0;32;0;240;0;0;0;0;0;0;0;0;0;0;0;0;0;0;0;0;9;0;4;0;2;0;15;0;0;0;0;0;0;0;0;0;0;0;0;0;0;0;240;15
21001;ASSIS;436;MARACAI;2;6;985485;CEL JTO A EE MARIA APARECIDA GALHARINI DOS SANTOS PROFA;0;24;0;0;0;0;0;24;0;0;0;0;0;0;0;0;0;0;0;0;0;0;0;0;2;0;0;0;0;0;2;0;0;0;0;0;0;0;0;0;0;0;0;0;0;0;24;2
21006;TUPA;697;TUPA;2;6;985512;CEL JTO A EE INDIA VANUIRE;0;44;0;0;33;0;0;77;0;0;0;0;0;0;0;0;3;0;22;23;0;0;48;0;2;0;0;1;0;0;3;0;0;0;0;0;0;0;0;1;0;1;1;0;0;3;125;6
