﻿CDREDE;DE;CODMUN;MUN;CATEG;TIPOESC;COD_ESC;NOMESC;AL_ALEMAO;AL_ESPANHOL;AL_FRANCES;AL_INGLES;AL_ITALIANO;AL_JAPONES;AL_MANDARIM;TOTAL-AL-DU;AL_ALEMAO_SAB_SEMANA;AL_ESPANHOL_SAB_SEMANA;AL_FRANCES_SAB_SEMANA;AL_INGLES_SAB_SEMANA;AL_ITALIANO_SAB_SEMANA;AL_JAPONES_SAB_SEMANA;AL_MANDARIM_SAB_SEMANA;TOTAL-AL-SAB-SEMANA;AL_ALEMAO_SAB;AL_ESPANHOL_SAB;AL_FRANCES_SAB;AL_INGLES_SAB;AL_ITALIANO_SAB;AL_JAPONES_SAB;AL_MANDARIM_SAB;TOTAL-AL-SAB;CL_ALEMAO;CL_ESPANHOL;CL_FRANCES;CL_INGLES;CL_ITALIANO;CL_JAPONES;CL_MANDARIM;TOTAL-CL-DU;CL_ALEMAO_SAB_SEMANA;CL_ESPANHOL_SAB_SEMANA;CL_FRANCES_SAB_SEMANA;CL_INGLES_SAB_SEMANA;CL_ITALIANO_SAB_SEMANA;CL_JAPONES_SAB_SEMANA;CL_MANDARIM_SAB_SEMANA;TOTAL-CL-SAB-SEMANA;CL_ALEMAO_SAB;CL_ESPANHOL_SAB;CL_FRANCES_SAB;CL_INGLES_SAB;CL_ITALIANO_SAB;CL_JAPONES_SAB;CL_MANDARIM_SAB;TOTAL-CL-SAB;AL-TOTAL-TOTAL;CL-TOTAL-TOTAL
10101;NORTE 1;100;SAO PAULO;2;06;0985004;CEL JTO A EE ANTONIO C C GUIMARAES FILHO PROFESSOR;0;47;0;0;0;0;0;47;0;0;0;0;0;0;0;0;0;0;0;0;0;0;0;0;0;2;0;0;0;0;0;2;0;0;0;0;0;0;0;0;0;0;0;0;0;0;0;0;47;2
10102;CENTRO;100;SAO PAULO;2;06;0985028;CEL JTO A EE BUENOS AIRES;12;96;83;69;0;0;0;260;0;0;0;0;0;0;0;0;0;0;0;0;0;0;0;0;2;7;5;2;0;0;0;16;0;0;0;0;0;0;0;0;0;0;0;0;0;0;0;0;260;16
10102;CENTRO;100;SAO PAULO;2;06;0985107;CEL JTO A EE MAURO DE OLIVEIRA PROFESSOR;0;155;52;106;0;0;0;313;0;0;0;0;0;0;0;0;0;0;0;0;0;0;0;0;0;7;3;3;0;0;0;13;0;0;0;0;0;0;0;0;0;0;0;0;0;0;0;0;313;13
10104;NORTE 2;100;SAO PAULO;2;06;0458314;CEL JTO A EE VERIDIANA CAMACHO CARVALHO GOMES PROFA;0;73;0;0;0;0;0;73;0;0;0;0;0;0;0;0;0;0;0;0;0;0;0;0;0;5;0;0;0;0;0;5;0;0;0;0;0;0;0;0;0;0;0;0;0;0;0;0;73;5
10104;NORTE 2;100;SAO PAULO;2;06;0458338;CEL JTO A EE GUSTAVO BARROSO;0;3;0;0;0;0;0;3;0;0;0;0;0;0;0;0;0;0;0;0;0;0;0;0;0;1;0;0;0;0;0;1;0;0;0;0;0;0;0;0;0;0;0;0;0;0;0;0;3;1
10104;NORTE 2;100;SAO PAULO;2;06;0985016;CEL JTO A EE ALBINO CESAR;4;191;0;76;0;0;0;271;0;0;0;0;0;0;0;0;0;0;0;0;0;0;0;0;1;12;0;3;0;0;0;16;0;0;0;0;0;0;0;0;0;0;0;0;0;0;0;0;271;16
10205;LESTE 5;100;SAO PAULO;2;06;0005865;CEL JTO A EE LOUREIRO JUNIOR PROFESSOR;0;74;0;74;0;0;0;148;0;0;0;0;0;0;0;0;0;0;0;0;0;0;0;0;0;3;0;3;0;0;0;6;0;0;0;0;0;0;0;0;0;0;0;0;0;0;0;0;148;6
10205;LESTE 5;100;SAO PAULO;2;06;0458296;CEL JTO A EE JOSE MARQUES DA CRUZ PROF;23;82;0;35;16;0;0;156;0;0;0;0;0;0;0;0;8;79;0;31;0;0;0;118;2;6;0;1;2;0;0;11;0;0;0;0;0;0;0;0;1;5;0;1;0;0;0;7;274;18
10205;LESTE 5;100;SAO PAULO;2;06;0985041;CEL JTO A EE JOAO DIAS DA SILVEIRA PROFESSOR;45;173;41;140;0;0;0;399;0;0;0;0;0;0;0;0;42;147;28;30;26;0;0;273;2;8;2;5;0;0;0;17;0;0;0;0;0;0;0;0;2;6;1;1;1;0;0;11;672;28
10205;LESTE 5;100;SAO PAULO;2;06;0985685;CEL JTO A EE PAULO EGYDIO O CARVALHO SENADOR;0;94;0;47;0;0;0;141;0;0;0;0;0;0;0;0;25;127;36;120;0;0;0;308;0;4;0;2;0;0;0;6;0;0;0;0;0;0;0;0;1;6;2;5;0;0;0;14;449;20
10207;LESTE 1;100;SAO PAULO;2;06;0985053;CEL JTO A EE NOSSA SENHORA DA PENHA;230;642;198;218;43;57;0;1388;0;0;0;0;0;0;0;0;0;0;0;0;0;0;0;0;12;29;9;7;2;3;0;62;0;0;0;0;0;0;0;0;0;0;0;0;0;0;0;0;1388;62
10207;LESTE 1;100;SAO PAULO;2;06;0985065;CEL JTO A EE ERMELINO MATARAZZO;0;124;0;34;0;0;0;158;0;0;0;0;0;0;0;0;0;70;55;35;0;0;0;160;0;6;0;1;0;0;0;7;0;0;0;0;0;0;0;0;0;3;3;1;0;0;0;7;318;14
10208;LESTE 4;100;SAO PAULO;2;06;0411875;"CEL JTO A EE DONA ZALINA ROLIM ";0;178;0;99;0;0;0;277;0;0;0;0;0;0;0;0;0;0;0;0;0;0;0;0;0;9;0;4;0;0;0;13;0;0;0;0;0;0;0;0;0;0;0;0;0;0;0;0;277;13
10210;LESTE 2;100;SAO PAULO;2;06;0458272;CEL JTO A EE DOM PEDRO I;0;112;35;35;0;31;0;213;0;0;0;0;0;0;0;0;0;429;87;175;56;15;0;762;0;5;2;1;0;2;0;10;0;0;0;0;0;0;0;0;0;17;3;5;2;1;0;28;975;38
10211;LESTE 3;100;SAO PAULO;2;06;0985089;CEL JTO A EE FADLO HAIDAR;44;763;132;208;25;128;0;1300;0;0;0;0;0;0;0;0;0;0;0;0;0;0;0;0;3;39;8;12;2;7;0;71;0;0;0;0;0;0;0;0;0;0;0;0;0;0;0;0;1300;71
10312;CENTRO OESTE;100;SAO PAULO;2;06;0431850;CEL JTO A EE PEREIRA BARRETO;0;80;0;31;0;0;0;111;0;0;0;0;0;0;0;0;0;0;0;0;0;0;0;0;0;3;0;1;0;0;0;4;0;0;0;0;0;0;0;0;0;0;0;0;0;0;0;0;111;4
10312;CENTRO OESTE;100;SAO PAULO;2;06;0985132;CEL JTO A EE RUI BLOEM;0;183;81;77;0;73;0;414;0;0;0;0;0;0;0;0;0;76;0;23;0;0;0;99;0;9;4;3;0;3;0;19;0;0;0;0;0;0;0;0;0;4;0;1;0;0;0;5;513;24
10314;SUL 2;100;SAO PAULO;2;06;0985156;CEL JTO A EE LEOPOLDO SANTANA PROFESSOR;79;370;231;101;0;67;0;848;0;0;0;0;0;0;0;0;0;0;0;0;0;0;0;0;4;16;11;4;0;3;0;38;0;0;0;0;0;0;0;0;0;0;0;0;0;0;0;0;848;38
10316;CENTRO SUL;100;SAO PAULO;2;06;0498634;CEL JTO A EE ROOSEVELT PRESIDENTE;0;214;75;40;0;30;0;359;0;0;0;0;0;0;0;0;0;0;0;0;0;0;0;0;0;13;6;4;0;2;0;25;0;0;0;0;0;0;0;0;0;0;0;0;0;0;0;0;359;25
10316;CENTRO SUL;100;SAO PAULO;2;06;0985120;CEL JTO A EE ALEXANDRE DE GUSMAO;26;307;95;9;37;106;0;580;0;0;0;0;0;0;0;0;0;0;0;0;0;0;0;0;2;17;7;1;4;7;0;38;0;0;0;0;0;0;0;0;0;0;0;0;0;0;0;0;580;38
10316;CENTRO SUL;100;SAO PAULO;2;06;0985788;CEL JTO A EE JULIA MACEDO PANTOJA PROFESSORA;0;347;78;25;48;90;0;588;0;0;0;0;0;0;0;0;0;0;0;0;0;0;0;0;0;19;4;1;4;5;0;33;0;0;0;0;0;0;0;0;0;0;0;0;0;0;0;0;588;33
10317;SUL 1;100;SAO PAULO;2;06;0005029;CEL JTO A EE MÉXICO;0;70;0;32;0;0;0;102;0;0;0;0;0;0;0;0;0;0;0;0;0;0;0;0;0;3;0;1;0;0;0;4;0;0;0;0;0;0;0;0;0;0;0;0;0;0;0;0;102;4
10317;SUL 1;100;SAO PAULO;2;06;0482341;CEL JTO A EE PLINIO NEGRAO;80;105;53;52;22;21;0;333;0;0;0;0;0;0;0;0;19;123;28;22;14;94;0;300;7;9;5;6;4;3;0;34;0;0;0;0;0;0;0;0;2;7;2;2;1;5;0;19;633;53
10318;SUL 3;100;SAO PAULO;2;06;0029828;CEL JTO A EE LAERTE RAMOS PROF DR;0;493;0;164;0;140;0;797;0;0;0;0;0;0;0;0;0;0;0;0;0;0;0;0;0;17;0;5;0;5;0;27;0;0;0;0;0;0;0;0;0;0;0;0;0;0;0;0;797;27
10318;SUL 3;100;SAO PAULO;2;06;0458351;CEL JTO A EE ESTHER GARCIA PROFA;19;32;0;0;0;0;0;51;0;0;0;0;0;0;0;0;0;0;0;0;0;0;0;0;1;6;0;0;0;0;0;7;0;0;0;0;0;0;0;0;0;0;0;0;0;0;0;0;51;7
10318;SUL 3;100;SAO PAULO;2;06;0458399;CEL JTO A EE ALBERTO SALOTTI PROF;0;238;48;26;0;0;0;312;0;0;0;0;0;0;0;0;0;0;0;0;0;0;0;0;0;11;3;1;0;0;0;15;0;0;0;0;0;0;0;0;0;0;0;0;0;0;0;0;312;15
10318;SUL 3;100;SAO PAULO;2;06;0985168;CEL JTO A EE PAULINO NUNES ESPOSO;0;235;0;63;0;0;0;298;0;0;0;0;0;0;0;0;0;40;0;34;0;0;0;74;0;11;0;2;0;0;0;13;0;0;0;0;0;0;0;0;0;2;0;1;0;0;0;3;372;16
10401;CAIEIRAS;239;CAIEIRAS;2;06;0499729;CEL JTO A EE WALTHER WEISZFLOG;69;259;0;68;0;0;0;396;0;0;0;0;0;0;0;0;0;0;0;0;0;0;0;0;4;9;0;2;0;0;0;15;0;0;0;0;0;0;0;0;0;0;0;0;0;0;0;0;396;15
10401;CAIEIRAS;241;CAJAMAR;2;06;0458405;CEL JTO A EE WALTER RIBAS DE ANDRADE PROF;0;0;0;69;0;0;0;69;0;0;0;0;0;0;0;0;0;29;0;66;0;0;0;95;0;0;0;2;0;0;0;2;0;0;0;0;0;0;0;0;0;2;0;2;0;0;0;4;164;6
10401;CAIEIRAS;311;FRANCISCO MORATO;2;06;0985659;CEL JTO A EE CELESTINA VALENTE LEGENFELDER;0;188;0;68;0;0;0;256;0;0;0;0;0;0;0;0;0;100;0;0;0;0;0;100;0;7;0;2;0;0;0;9;0;0;0;0;0;0;0;0;0;3;0;0;0;0;0;3;356;12
10401;CAIEIRAS;312;FRANCO DA ROCHA;2;06;0499742;CEL JTO A EE BENEDITO FAGUNDES MARQUES;0;351;0;0;0;0;0;351;0;0;0;0;0;0;0;0;0;31;0;34;0;0;0;65;0;14;0;0;0;0;0;14;0;0;0;0;0;0;0;0;0;1;0;1;0;0;0;2;416;16
10402;GUARULHOS SUL;336;GUARULHOS;2;06;0985673;CEL JTO A EE ALICE CHUERY PROFESSORA;0;353;149;105;0;0;0;607;0;0;0;0;0;0;0;0;0;0;0;0;0;0;0;0;0;18;7;3;0;0;0;28;0;0;0;0;0;0;0;0;0;0;0;0;0;0;0;0;607;28
10403;GUARULHOS NORTE;336;GUARULHOS;2;06;0407331;CEL JTO A EE CONRADO SIVILA ALSINA PADRE;0;492;0;249;170;0;0;911;0;0;0;0;0;0;0;0;0;0;0;0;0;0;0;0;0;19;0;8;5;0;0;32;0;0;0;0;0;0;0;0;0;0;0;0;0;0;0;0;911;32
10501;MOGI DAS CRUZES;454;MOGI DAS CRUZES;2;06;0458594;CEL JTO A EE FIRMINO LADEIRA PROF;0;235;36;90;23;52;0;436;0;0;0;0;0;0;0;0;0;0;0;0;0;0;0;0;0;14;2;4;2;2;0;24;0;0;0;0;0;0;0;0;0;0;0;0;0;0;0;0;436;24
10501;MOGI DAS CRUZES;454;MOGI DAS CRUZES;2;06;0985752;CEL JTO A EE FRANCISCO FERREIRA LOPES;0;726;70;259;62;71;50;1238;0;0;0;0;0;0;0;0;0;0;0;0;0;0;0;0;0;33;3;10;3;3;2;54;0;0;0;0;0;0;0;0;0;0;0;0;0;0;0;0;1238;54
10502;SUZANO;305;FERRAZ DE VASCONCELOS;2;06;0496443;CEL JTO A EE PROFA IGNES CORREA ALLEN;0;20;0;0;0;0;0;20;0;0;0;0;0;0;0;0;0;0;0;0;0;0;0;0;0;3;0;0;0;0;0;3;0;0;0;0;0;0;0;0;0;0;0;0;0;0;0;0;20;3
10502;SUZANO;672;SUZANO;2;06;0985181;CEL JTO A EE RAUL BRASIL PROFESSOR;0;1162;231;28;77;147;0;1645;0;0;0;0;0;0;0;0;0;0;0;0;0;0;0;0;0;48;9;1;4;5;0;67;0;0;0;0;0;0;0;0;0;0;0;0;0;0;0;0;1645;67
10503;ITAQUAQUECETUBA;379;ITAQUAQUECETUBA;2;06;0458545;CEL JTO A EE ZILDA BRACONI AMADOR PROFA;0;149;0;60;0;0;0;209;0;0;0;0;0;0;0;0;0;0;0;0;0;0;0;0;0;8;0;3;0;0;0;11;0;0;0;0;0;0;0;0;0;0;0;0;0;0;0;0;209;11
10503;ITAQUAQUECETUBA;546;POA;2;06;0446026;CEL JTO A EE PAULO EDUARDO OLINTHO REHDER JORNALISTA;0;210;0;88;0;0;0;298;0;0;0;0;0;0;0;0;0;0;0;0;0;0;0;0;0;9;0;3;0;0;0;12;0;0;0;0;0;0;0;0;0;0;0;0;0;0;0;0;298;12
10601;DIADEMA;286;DIADEMA;2;06;0499161;CEL JTO A EE ORIGENES LESSA;19;110;0;42;0;0;0;171;0;0;0;0;0;0;0;0;0;22;0;0;0;0;0;22;2;5;0;2;0;0;0;9;0;0;0;0;0;0;0;0;0;1;0;0;0;0;0;1;193;10
10602;MAUA;442;MAUA;2;06;0458570;CEL JTO A EE OLAVO HANSEN;0;349;0;58;0;0;0;407;0;0;0;0;0;0;0;0;0;88;0;0;0;0;0;88;0;12;0;2;0;0;0;14;0;0;0;0;0;0;0;0;0;3;0;0;0;0;0;3;495;17
10602;MAUA;442;MAUA;2;06;0985570;CEL JTO A EE MARLENE CAMARGO RIBEIRO;0;366;0;62;0;0;0;428;0;0;0;0;0;0;0;0;0;0;0;0;0;0;0;0;0;13;0;2;0;0;0;15;0;0;0;0;0;0;0;0;0;0;0;0;0;0;0;0;428;15
10602;MAUA;581;RIBEIRAO PIRES;2;06;0458557;CEL JTO A EE FELICIO LAURITO DR;0;131;0;32;0;0;0;163;0;0;0;0;0;0;0;0;0;0;0;35;0;0;0;35;0;7;0;1;0;0;0;8;0;0;0;0;0;0;0;0;0;0;0;1;0;0;0;1;198;9
10603;SANTO ANDRE;626;SANTO ANDRE;2;06;0985193;CEL JTO A EE PROF AMARAL WAGNER;0;328;166;54;0;0;0;548;0;0;0;0;0;0;0;0;0;0;0;0;0;0;0;0;0;15;7;2;0;0;0;24;0;0;0;0;0;0;0;0;0;0;0;0;0;0;0;0;548;24
10606;SAO BERNARDO DO CAMPO;635;SAO BERNARDO DO CAMPO;2;06;0985200;CEL JTO A EE 20 DE AGOSTO;24;404;14;97;0;0;0;539;0;0;0;0;0;0;0;0;0;0;0;0;0;0;0;0;1;16;1;3;0;0;0;21;0;0;0;0;0;0;0;0;0;0;0;0;0;0;0;0;539;21
10606;SAO BERNARDO DO CAMPO;636;SAO CAETANO DO SUL;2;06;0985211;CEL JTO A EE IDALINA MACEDO COSTA SODRE DONA;0;63;16;35;0;3;0;117;0;0;0;0;0;0;0;0;30;76;0;31;0;6;0;143;0;5;3;3;0;1;0;12;0;0;0;0;0;0;0;0;1;4;0;2;0;2;0;9;260;21
10701;CARAPICUIBA;255;CARAPICUIBA;2;06;0407410;CEL JTO A EE WILLIAN RODRIGUES REBUA;0;234;62;35;0;0;0;331;0;0;0;0;0;0;0;0;0;36;31;0;0;0;0;67;0;10;3;1;0;0;0;14;0;0;0;0;0;0;0;0;0;1;2;0;0;0;0;3;398;17
10701;CARAPICUIBA;278;COTIA;2;06;0985223;CEL JTO A EE PEDRO CASEMIRO LEITE PROFESSOR;51;470;98;113;45;71;0;848;0;0;0;0;0;0;0;0;28;75;0;35;19;20;0;177;3;21;5;4;2;4;0;39;0;0;0;0;0;0;0;0;1;3;0;1;1;1;0;7;1025;46
10702;ITAPECERICA DA SERRA;370;ITAPECERICA DA SERRA;2;06;0434848;CEL JTO A EE NATERCIA CREMM DE MORAES PEDRO PROFESSORA;0;0;0;0;0;0;0;0;0;0;0;0;0;0;0;0;0;70;0;0;0;0;0;70;0;0;0;0;0;0;0;0;0;0;0;0;0;0;0;0;0;4;0;0;0;0;0;4;70;4
10702;ITAPECERICA DA SERRA;370;ITAPECERICA DA SERRA;2;06;0985697;CEL JTO A EE ASA BRANCA DA SERRA;0;140;0;0;0;0;0;140;0;0;0;0;0;0;0;0;0;0;0;0;0;0;0;0;0;5;0;0;0;0;0;5;0;0;0;0;0;0;0;0;0;0;0;0;0;0;0;0;140;5
10704;OSASCO;492;OSASCO;2;06;0429351;CEL JTO A EE PROFESSORA FANNY MONZONI SANTOS;0;22;0;0;0;0;0;22;0;0;0;0;0;0;0;0;0;0;0;0;0;0;0;0;0;1;0;0;0;0;0;1;0;0;0;0;0;0;0;0;0;0;0;0;0;0;0;0;22;1
10704;OSASCO;492;OSASCO;2;06;0458624;CEL JTO A EE JOAO BAPTISTA DE BRITO PROF;0;159;0;0;0;0;0;159;0;0;0;0;0;0;0;0;0;0;0;0;0;0;0;0;0;6;0;0;0;0;0;6;0;0;0;0;0;0;0;0;0;0;0;0;0;0;0;0;159;6
10704;OSASCO;492;OSASCO;2;06;0985235;CEL JTO A EE ANTONIO RAPOSO TAVARES;0;408;170;89;22;0;0;689;0;0;0;0;0;0;0;0;0;0;0;0;0;0;0;0;0;16;7;3;1;0;0;27;0;0;0;0;0;0;0;0;0;0;0;0;0;0;0;0;689;27
20102;SANTOS;335;GUARUJA;2;06;0460345;CEL JTO A EE MARCÍLIO DIAS;0;42;0;35;23;0;0;100;0;0;0;0;0;0;0;0;0;0;0;0;0;0;0;0;0;3;0;1;1;0;0;5;0;0;0;0;0;0;0;0;0;0;0;0;0;0;0;0;100;5
20102;SANTOS;335;GUARUJA;2;06;0460370;CEL JTO A PROFA THEREZA SILVEIRA DE ALMEIDA;0;22;0;3;0;0;0;25;0;0;0;0;0;0;0;0;0;0;0;0;0;0;0;0;0;3;0;1;0;0;0;4;0;0;0;0;0;0;0;0;0;0;0;0;0;0;0;0;25;4
20102;SANTOS;633;SANTOS;2;06;0564801;CEL JTO A ZULMIRA CAMPOS;0;266;0;47;0;0;0;313;0;0;0;0;0;0;0;0;0;0;0;0;0;0;0;0;0;9;0;2;0;0;0;11;0;0;0;0;0;0;0;0;0;0;0;0;0;0;0;0;313;11
20102;SANTOS;633;SANTOS;2;06;0985594;CEL JTO A EE OLGA CURY;4;10;0;8;0;0;0;22;0;0;0;0;0;0;0;0;0;0;0;0;0;0;0;0;1;2;0;1;0;0;0;4;0;0;0;0;0;0;0;0;0;0;0;0;0;0;0;0;22;4
20103;SAO VICENTE;369;ITANHAEM;2;06;0985624;CEL JTO A EE BENEDITO CALIXTO;0;358;0;86;0;0;0;444;0;0;0;0;0;0;0;0;0;0;0;0;0;0;0;0;0;16;0;4;0;0;0;20;0;0;0;0;0;0;0;0;0;0;0;0;0;0;0;0;444;20
20103;SAO VICENTE;459;MONGAGUA;2;06;0464004;CEL JTO A EE AIDA LEDA BAUER DAVIES PROFESSORA;0;73;0;10;0;0;0;83;0;0;0;0;0;0;0;0;0;0;0;0;0;0;0;0;0;4;0;2;0;0;0;6;0;0;0;0;0;0;0;0;0;0;0;0;0;0;0;0;83;6
20103;SAO VICENTE;524;PERUIBE;2;06;0435740;CEL JTO A EE OTTONIEL JUNQUEIRA PROFESSOR;0;0;0;0;0;0;0;0;0;0;0;0;0;0;0;0;0;17;0;0;0;0;0;17;0;0;0;0;0;0;0;0;0;0;0;0;0;0;0;0;0;2;0;0;0;0;0;2;17;2
20103;SAO VICENTE;558;PRAIA GRANDE;2;06;0435752;CEL JTO A EE REYNALDO KUNTZ BUSCH DOUTOR;0;319;28;106;0;0;0;453;0;0;0;0;0;0;0;0;0;74;24;0;0;0;0;98;0;15;2;4;0;0;0;21;0;0;0;0;0;0;0;0;0;3;1;0;0;0;0;4;551;25
20103;SAO VICENTE;657;SAO VICENTE;2;06;0985247;CEL JTO A EE MARTIM AFONSO;0;372;149;124;0;0;0;645;0;0;0;0;0;0;0;0;0;0;0;0;0;0;0;0;0;14;5;4;0;0;0;23;0;0;0;0;0;0;0;0;0;0;0;0;0;0;0;0;645;23
20202;GUARATINGUETA;235;CACHOEIRA PAULISTA;2;06;0459161;CEL JTO A EE SEVERINO MOREIRA BARBOSA;0;0;0;0;0;0;0;0;0;0;0;0;0;0;0;0;0;17;0;0;0;0;0;17;0;0;0;0;0;0;0;0;0;0;0;0;0;0;0;0;0;1;0;0;0;0;0;1;17;1
20202;GUARATINGUETA;282;CRUZEIRO;2;06;0985260;CEL JTO A EE OSVALDO CRUZ;0;26;0;0;0;0;0;26;0;0;0;0;0;0;0;0;0;16;0;14;0;0;0;30;0;2;0;0;0;0;0;2;0;0;0;0;0;0;0;0;0;1;0;1;0;0;0;2;56;4
20202;GUARATINGUETA;284;CUNHA;2;06;0459203;CEL JTO A EE PAULO VIRGINIO;41;86;0;57;0;0;0;184;0;0;0;0;0;0;0;0;0;116;0;65;0;0;0;181;2;4;0;2;0;0;0;8;0;0;0;0;0;0;0;0;0;4;0;2;0;0;0;6;365;14
20202;GUARATINGUETA;332;GUARATINGUETA;2;06;0985557;CEL JTO A EE RODRIGUES ALVES CONSELHEIRO;37;187;0;105;0;0;0;329;0;0;0;0;0;0;0;0;15;214;0;88;0;0;0;317;2;9;0;3;0;0;0;14;0;0;0;0;0;0;0;0;1;8;0;3;0;0;0;12;646;26
20204;PINDAMONHANGABA;246;CAMPOS DO JORDAO;2;06;0460254;CEL JTO A EE THEODORO CORREA CINTRA PROF;0;67;0;54;0;0;0;121;0;0;0;0;0;0;0;0;0;0;0;0;0;0;0;0;0;3;0;2;0;0;0;5;0;0;0;0;0;0;0;0;0;0;0;0;0;0;0;0;121;5
20204;PINDAMONHANGABA;528;PINDAMONHANGABA;2;06;0460278;CEL JTO A EE ALFREDO PUJOL DOUTOR;0;561;0;121;0;0;0;682;0;0;0;0;0;0;0;0;0;0;0;0;0;0;0;0;0;19;0;4;0;0;0;23;0;0;0;0;0;0;0;0;0;0;0;0;0;0;0;0;682;23
20204;PINDAMONHANGABA;528;PINDAMONHANGABA;2;06;0474770;CEL JTO A EE ANTONIA CARLOTA GOMES PROFESSORA;0;121;0;23;0;0;0;144;0;0;0;0;0;0;0;0;0;0;0;0;0;0;0;0;0;6;0;1;0;0;0;7;0;0;0;0;0;0;0;0;0;0;0;0;0;0;0;0;144;7
20204;PINDAMONHANGABA;695;TREMEMBE;2;06;0460291;CEL JTO A EE MANUEL CABRAL;0;69;0;0;0;0;0;69;0;0;0;0;0;0;0;0;0;35;0;0;0;0;0;35;0;3;0;0;0;0;0;3;0;0;0;0;0;0;0;0;0;1;0;0;0;0;0;1;104;4
20205;SAO JOSE DOS CAMPOS;645;SAO JOSE DOS CAMPOS;2;06;0460497;CEL JTO A EE JOSE VIEIRA MACEDO PROF;24;161;0;138;0;77;0;400;0;0;0;0;0;0;0;0;0;0;0;0;0;0;0;0;2;10;0;5;0;5;0;22;0;0;0;0;0;0;0;0;0;0;0;0;0;0;0;0;400;22
20205;SAO JOSE DOS CAMPOS;645;SAO JOSE DOS CAMPOS;2;06;0985259;CEL JTO A EE ESTEVAN FERRI PROFESSOR;72;379;111;158;4;133;0;857;0;0;0;0;0;0;0;0;0;0;0;0;0;0;0;0;4;22;7;8;1;7;0;49;0;0;0;0;0;0;0;0;0;0;0;0;0;0;0;0;857;49
20206;TAUBATE;234;CACAPAVA;2;06;0985740;CEL JTO A EE MINISTRO JOSE MOURA RESENDE;0;217;9;69;0;0;0;295;0;0;0;0;0;0;0;0;0;0;0;0;0;0;0;0;0;12;1;2;0;0;0;15;0;0;0;0;0;0;0;0;0;0;0;0;0;0;0;0;295;15
20207;JACAREI;392;JACAREI;2;06;0459586;CEL JTO A EE FRANCISCO F FERREIRA DA SILVA PROF;0;222;0;70;0;41;0;333;0;0;0;0;0;0;0;0;0;0;0;0;0;0;0;0;0;10;0;2;0;3;0;15;0;0;0;0;0;0;0;0;0;0;0;0;0;0;0;0;333;15
20301;APIAI;176;APIAI;2;06;0458168;CEL JTO A EE REGINA DIAS ANTUNES DA SILVA PROFA;0;67;0;0;0;0;0;67;0;0;0;0;0;0;0;0;0;0;0;0;0;0;0;0;0;4;0;0;0;0;0;4;0;0;0;0;0;0;0;0;0;0;0;0;0;0;0;0;67;4
20302;AVARE;194;AVARE;2;06;0985272;CEL JTO A EE JOAO CRUZ;25;322;49;113;34;0;0;543;0;0;0;0;0;0;0;0;0;0;0;0;0;0;0;0;2;16;3;4;2;0;0;27;0;0;0;0;0;0;0;0;0;0;0;0;0;0;0;0;543;27
20303;BOTUCATU;412;LARANJAL PAULISTA;2;06;0458284;CEL JTO A EE LUIZ CAMPACCI;0;209;0;133;0;0;0;342;0;0;0;0;0;0;0;0;0;0;0;0;0;0;0;0;0;8;0;4;0;0;0;12;0;0;0;0;0;0;0;0;0;0;0;0;0;0;0;0;342;12
20304;ITAPETININGA;371;ITAPETININGA;2;06;0444339;CEL JTO A EE PEIXOTO GOMIDE;0;226;0;55;0;0;0;281;0;0;0;0;0;0;0;0;0;0;0;0;0;0;0;0;0;12;0;2;0;0;0;14;0;0;0;0;0;0;0;0;0;0;0;0;0;0;0;0;281;14
20304;ITAPETININGA;687;TATUI;2;06;0459288;CEL JTO A EE CHICO PEREIRA;0;59;0;105;0;0;0;164;0;0;0;0;0;0;0;0;0;0;0;0;0;0;0;0;0;3;0;4;0;0;0;7;0;0;0;0;0;0;0;0;0;0;0;0;0;0;0;0;164;7
20305;ITAPEVA;251;CAPAO BONITO;2;06;0459495;CEL JTO A EE RAUL VENTURELLI DR;0;119;0;94;0;0;0;213;0;0;0;0;0;0;0;0;0;16;0;0;0;0;0;16;0;6;0;4;0;0;0;10;0;0;0;0;0;0;0;0;0;1;0;0;0;0;0;1;229;11
20305;ITAPEVA;372;ITAPEVA;2;06;0388300;CEL JTO A EE NICOTA SOARES;0;20;0;0;0;0;0;20;0;0;0;0;0;0;0;0;0;28;0;25;0;0;0;53;0;1;0;0;0;0;0;1;0;0;0;0;0;0;0;0;0;2;0;1;0;0;0;3;73;4
20306;ITU;387;ITU;2;06;0985648;CEL JTO A EE REGENTE FEIJO;0;275;0;130;0;70;0;475;0;0;0;0;0;0;0;0;0;0;0;0;0;0;0;0;0;11;0;4;0;3;0;18;0;0;0;0;0;0;0;0;0;0;0;0;0;0;0;0;475;18
20306;ITU;600;SALTO;2;06;0434036;CEL JTO A EE PAULA SANTOS PROFA;0;384;0;58;0;0;0;442;0;0;0;0;0;0;0;0;0;0;0;0;0;0;0;0;0;15;0;2;0;0;0;17;0;0;0;0;0;0;0;0;0;0;0;0;0;0;0;0;442;17
20307;SAO ROQUE;345;IBIUNA;2;06;0466165;CEL JTO A EE MARIA ANGERAMI SCALAMANDRE;0;200;129;25;47;0;0;401;0;0;0;0;0;0;0;0;0;0;0;0;0;18;0;18;0;8;5;1;2;0;0;16;0;0;0;0;0;0;0;0;0;0;0;0;0;1;0;1;419;17
20307;SAO ROQUE;653;SAO ROQUE;2;06;0443475;CEL JTO A EE HORACIO MANLEY LANE;0;82;0;0;0;0;0;82;0;0;0;0;0;0;0;0;0;0;0;0;0;0;0;0;0;4;0;0;0;0;0;4;0;0;0;0;0;0;0;0;0;0;0;0;0;0;0;0;82;4
20308;SOROCABA;669;SOROCABA;2;06;0417427;CEL JTO A EE JULIO PRESTES DE ALBUQUERQUE DOUTOR;95;726;99;219;78;210;0;1427;0;0;0;0;0;0;0;0;0;0;0;0;0;0;0;0;5;29;6;7;5;10;0;62;0;0;0;0;0;0;0;0;0;0;0;0;0;0;0;0;1427;62
20308;SOROCABA;669;SOROCABA;2;06;0985284;CEL JTO A EE ANTONIO PADILHA;151;736;151;215;0;185;0;1438;0;0;0;0;0;0;0;0;0;0;0;0;0;0;0;0;11;34;9;8;0;12;0;74;0;0;0;0;0;0;0;0;0;0;0;0;0;0;0;0;1438;74
20310;VOTORANTIM;178;ARACOIABA DA SERRA;2;06;0458697;CEL JTO A EE MARIA ANGELICA BAILLOT PROFA;0;66;0;68;0;0;0;134;0;0;0;0;0;0;0;0;0;0;0;0;0;0;0;0;0;2;0;2;0;0;0;4;0;0;0;0;0;0;0;0;0;0;0;0;0;0;0;0;134;4
20310;VOTORANTIM;252;CAPELA DO ALTO;2;06;0458715;CEL JTO A EE PEDRO DIAS DE CAMPOS CEL;0;25;0;35;0;0;0;60;0;0;0;0;0;0;0;0;0;0;0;0;0;0;0;0;0;2;0;1;0;0;0;3;0;0;0;0;0;0;0;0;0;0;0;0;0;0;0;0;60;3
20310;VOTORANTIM;526;PIEDADE;2;06;0446973;CEL JTO A EE CARLOS AUGUSTO DE CAMARGO PROFESSOR;43;225;14;102;0;0;0;384;0;0;0;0;0;0;0;0;0;0;0;0;0;0;0;0;2;9;1;3;0;0;0;15;0;0;0;0;0;0;0;0;0;0;0;0;0;0;0;0;384;15
20310;VOTORANTIM;527;PILAR DO SUL;2;06;0458752;CEL JTO A EE ODILON BATISTA JORDAO VER;0;51;0;35;0;0;0;86;0;0;0;0;0;0;0;0;0;0;0;0;0;0;0;0;0;2;0;1;0;0;0;3;0;0;0;0;0;0;0;0;0;0;0;0;0;0;0;0;86;3
20310;VOTORANTIM;602;SALTO DE PIRAPORA;2;06;0458855;CEL JTO A EE BENEDICTO RODRIGUES PROF;0;297;12;70;0;0;0;379;0;0;0;0;0;0;0;0;0;0;0;0;0;0;0;0;0;10;1;2;0;0;0;13;0;0;0;0;0;0;0;0;0;0;0;0;0;0;0;0;379;13
20310;VOTORANTIM;682;TAPIRAI;2;06;0458922;CEL JTO A EE JOAO ROSA CEL;47;79;0;0;0;0;0;126;0;0;0;0;0;0;0;0;0;0;0;0;0;0;0;0;2;3;0;0;0;0;0;5;0;0;0;0;0;0;0;0;0;0;0;0;0;0;0;0;126;5
20310;VOTORANTIM;717;VOTORANTIM;2;06;0438030;CEL JTO A EE DANIEL VERANO PROFESSOR;7;205;21;69;11;0;0;313;0;0;0;0;0;0;0;0;0;0;0;0;0;0;0;0;1;9;2;2;1;0;0;15;0;0;0;0;0;0;0;0;0;0;0;0;0;0;0;0;313;15
20311;PIRAJU;537;PIRAJU;2;06;0460382;CEL JTO A EE JOAQUIM GUILHERME MOREIRA PORTO DR;0;440;20;61;0;47;0;568;0;0;0;0;0;0;0;0;0;114;24;30;0;12;0;180;0;16;1;2;0;2;0;21;0;0;0;0;0;0;0;0;0;4;1;1;0;1;0;7;748;28
20313;ITARARE;380;ITARARE;2;06;0441430;CEL JTO A EE TOMÉ TEIXEIRA;0;57;45;21;0;0;0;123;0;0;0;0;0;0;0;0;0;18;0;0;0;0;0;18;0;2;2;1;0;0;0;5;0;0;0;0;0;0;0;0;0;1;0;0;0;0;0;1;141;6
20401;AMERICANA;165;AMERICANA;2;06;0433639;CEL JTO A EE PROFA OLYMPIA BARTH DE OLIVEIRA;0;0;0;0;0;0;0;0;0;0;0;0;0;0;0;0;0;0;0;27;0;0;0;27;0;0;0;0;0;0;0;0;0;0;0;0;0;0;0;0;0;0;0;1;0;0;0;1;27;1
20403;BRAGANCA PAULISTA;190;ATIBAIA;2;06;0458326;CEL JTO A EE FRANCISCO DE AGUIAR PECANHA;0;65;7;0;0;0;0;72;0;0;0;0;0;0;0;0;0;0;0;0;0;0;0;0;0;4;2;0;0;0;0;6;0;0;0;0;0;0;0;0;0;0;0;0;0;0;0;0;72;6
20403;BRAGANCA PAULISTA;225;BRAGANCA PAULISTA;2;06;0458375;CEL JTO A EE ALCINDO BUENO DE ASSIS MINISTRO;0;19;0;0;0;0;0;19;0;0;0;0;0;0;0;0;0;0;0;0;0;0;0;0;0;2;0;0;0;0;0;2;0;0;0;0;0;0;0;0;0;0;0;0;0;0;0;0;19;2
20403;BRAGANCA PAULISTA;668;SOCORRO;2;06;0458430;CEL JTO A EE NARCISO PIERONI;0;20;0;0;0;0;0;20;0;0;0;0;0;0;0;0;0;0;0;0;0;0;0;0;0;1;0;0;0;0;0;1;0;0;0;0;0;0;0;0;0;0;0;0;0;0;0;0;20;1
20404;CAMPINAS OESTE;244;CAMPINAS;2;06;0458512;CEL JTO A EE MILTON DE TOLOSA PROF;0;17;0;0;0;0;0;17;0;0;0;0;0;0;0;0;0;0;0;0;0;0;0;0;0;2;0;0;0;0;0;2;0;0;0;0;0;0;0;0;0;0;0;0;0;0;0;0;17;2
20404;CAMPINAS OESTE;244;CAMPINAS;2;06;0985600;CEL JTO A EE ORLANDO SIGNORELLI;0;75;0;26;0;0;0;101;0;0;0;0;0;0;0;0;0;0;0;0;0;0;0;0;0;3;0;1;0;0;0;4;0;0;0;0;0;0;0;0;0;0;0;0;0;0;0;0;101;4
20404;CAMPINAS OESTE;708;VALINHOS;2;06;0458533;CEL JTO A EE CYRO DE BARROS REZENDE PROF;0;11;0;0;0;0;0;11;0;0;0;0;0;0;0;0;0;0;0;0;0;0;0;0;0;2;0;0;0;0;0;2;0;0;0;0;0;0;0;0;0;0;0;0;0;0;0;0;11;2
20407;JUNDIAI;407;JUNDIAI;2;06;0985797;CEL JTO A EE MARIA DE LOURDES FRANCA SILVEIRA PROFESSORA;0;211;1;47;64;0;0;323;0;0;0;0;0;0;0;0;0;66;0;26;0;0;0;92;0;11;1;2;4;0;0;18;0;0;0;0;0;0;0;0;0;3;0;1;0;0;0;4;415;22
20408;LIMEIRA;417;LIMEIRA;2;06;0985776;CEL JTO A EE CASTELO BRANCO;0;282;0;60;0;0;0;342;0;0;0;0;0;0;0;0;0;0;0;0;0;0;0;0;0;12;0;2;0;0;0;14;0;0;0;0;0;0;0;0;0;0;0;0;0;0;0;0;342;14
20408;LIMEIRA;587;RIO CLARO;2;06;0459719;CEL JTO A EE JOAQUIM RIBEIRO;0;41;0;0;0;0;0;41;0;0;0;0;0;0;0;0;0;0;0;34;0;0;0;34;0;3;0;0;0;0;0;3;0;0;0;0;0;0;0;0;0;0;0;2;0;0;0;2;75;5
20409;MOGI MIRIM;455;MOGI GUACU;2;06;0460217;CEL JTO A EE LUIZ MARTINI;0;13;0;28;0;0;0;41;0;0;0;0;0;0;0;0;0;33;0;35;0;0;0;68;0;2;0;1;0;0;0;3;0;0;0;0;0;0;0;0;0;3;0;1;0;0;0;4;109;7
20409;MOGI MIRIM;456;MOGI MIRIM;2;06;0985302;CEL JTO A EE MONSENHOR NORA;0;16;0;6;0;0;0;22;0;0;0;0;0;0;0;0;0;0;0;0;0;0;0;0;0;4;0;1;0;0;0;5;0;0;0;0;0;0;0;0;0;0;0;0;0;0;0;0;22;5
20410;PIRACICABA;535;PIRACICABA;2;06;0460357;CEL JTO A EE ELIAS DE MELLO AYRES PROFESSOR;0;252;34;96;0;0;0;382;0;0;0;0;0;0;0;0;0;0;0;0;0;0;0;0;0;11;2;4;0;0;0;17;0;0;0;0;0;0;0;0;0;0;0;0;0;0;0;0;382;17
20411;PIRASSUNUNGA;182;ARARAS;2;06;0460424;CEL JTO A EE CESARIO COIMBRA DR;0;41;0;0;0;0;0;41;0;0;0;0;0;0;0;0;0;0;0;0;0;0;0;0;0;2;0;0;0;0;0;2;0;0;0;0;0;0;0;0;0;0;0;0;0;0;0;0;41;2
20411;PIRASSUNUNGA;415;LEME;2;06;0564436;CEL JTO A EE NEWTON PRADO;0;1;0;0;0;0;0;1;0;0;0;0;0;0;0;0;0;0;0;0;0;0;0;0;0;1;0;0;0;0;0;1;0;0;0;0;0;0;0;0;0;0;0;0;0;0;0;0;1;1
20411;PIRASSUNUNGA;536;PIRASSUNUNGA;2;06;0460448;CEL JTO A EE MANOEL JACINTHO VIEIRA DE MORAES DOUTOR;0;4;0;0;0;0;0;4;0;0;0;0;0;0;0;0;0;0;0;0;0;0;0;0;0;1;0;0;0;0;0;1;0;0;0;0;0;0;0;0;0;0;0;0;0;0;0;0;4;1
20413;SAO JOAO DA BOA VISTA;152;AGUAI;2;06;0459902;CEL JTO A EE GERALDO LOURENCO PADRE;0;77;0;34;0;0;0;111;0;0;0;0;0;0;0;0;0;0;0;0;0;0;0;0;0;5;0;1;0;0;0;6;0;0;0;0;0;0;0;0;0;0;0;0;0;0;0;0;111;6
20413;SAO JOAO DA BOA VISTA;453;MOCOCA;2;06;0460011;CEL JTO A EE JUSTINO GOMES DE CASTRO MAESTRO;0;45;0;0;0;0;0;45;0;0;0;0;0;0;0;0;0;0;0;0;0;0;0;0;0;3;0;0;0;0;0;3;0;0;0;0;0;0;0;0;0;0;0;0;0;0;0;0;45;3
20413;SAO JOAO DA BOA VISTA;530;ESPIRITO SANTO DO PINHAL;2;06;0460000;CEL JTO A EE LEME CARDEAL;0;60;0;30;0;0;0;90;0;0;0;0;0;0;0;0;0;0;0;0;0;0;0;0;0;4;0;1;0;0;0;5;0;0;0;0;0;0;0;0;0;0;0;0;0;0;0;0;90;5
20413;SAO JOAO DA BOA VISTA;646;SAO JOSE DO RIO PARDO;2;06;0460148;CEL JTO A EE EUCLIDES DA CUNHA;0;7;0;0;0;0;0;7;0;0;0;0;0;0;0;0;0;0;0;0;0;0;0;0;0;2;0;0;0;0;0;2;0;0;0;0;0;0;0;0;0;0;0;0;0;0;0;0;7;2
20413;SAO JOAO DA BOA VISTA;680;TAMBAU;2;06;0460205;CEL JTO A EE DONIZETTI TAVARES DE LIMA PE;0;74;0;34;0;0;0;108;0;0;0;0;0;0;0;0;0;0;0;0;0;0;0;0;0;3;0;1;0;0;0;4;0;0;0;0;0;0;0;0;0;0;0;0;0;0;0;0;108;4
20413;SAO JOAO DA BOA VISTA;711;VARGEM GRANDE DO SUL;2;06;0459872;CEL JTO A EE BENJAMIN BASTOS;0;75;0;23;0;0;0;98;0;0;0;0;0;0;0;0;0;0;0;0;0;0;0;0;0;3;0;1;0;0;0;4;0;0;0;0;0;0;0;0;0;0;0;0;0;0;0;0;98;4
20415;SUMARE;513;PAULINIA;2;06;0459124;CEL JTO A EE PORPHYRIO DA PAZ GENERAL;0;174;0;0;0;0;0;174;0;0;0;0;0;0;0;0;0;0;0;0;0;0;0;0;0;7;0;0;0;0;0;7;0;0;0;0;0;0;0;0;0;0;0;0;0;0;0;0;174;7
20415;SUMARE;671;SUMARE;2;06;0985727;CEL JTO A EE JAYME DE BARROS CAMARA DOM;0;542;0;86;0;0;0;628;0;0;0;0;0;0;0;0;0;178;0;0;0;0;0;178;0;20;0;3;0;0;0;23;0;0;0;0;0;0;0;0;0;6;0;0;0;0;0;6;806;29
20415;SUMARE;748;HORTOLANDIA;2;06;0446828;CEL JTO A EE HEDY MADALENA BOCCHI PROFESSORA;0;128;0;25;0;0;0;153;0;0;0;0;0;0;0;0;0;0;0;0;0;0;0;0;0;5;0;1;0;0;0;6;0;0;0;0;0;0;0;0;0;0;0;0;0;0;0;0;153;6
20415;SUMARE;748;HORTOLANDIA;2;06;0459112;CEL JTO A EE LIOMAR FREITAS CAMARA PROFA;0;128;0;0;0;0;0;128;0;0;0;0;0;0;0;0;0;54;0;23;0;0;0;77;0;8;0;0;0;0;0;8;0;0;0;0;0;0;0;0;0;2;0;1;0;0;0;3;205;11
20419;CAPIVARI;253;CAPIVARI;2;06;0458582;CEL JTO A EE FABIANO JOSE MOREIRA CAMARGO PADRE;0;0;0;21;0;0;0;21;0;0;0;0;0;0;0;0;0;0;0;0;0;0;0;0;0;0;0;2;0;0;0;2;0;0;0;0;0;0;0;0;0;0;0;0;0;0;0;0;21;2
20419;CAPIVARI;353;INDAIATUBA;2;06;0458703;CEL JTO A EE JARDIM MORADA DO SOL;0;38;0;0;0;0;0;38;0;0;0;0;0;0;0;0;0;0;0;0;0;0;0;0;0;3;0;0;0;0;0;3;0;0;0;0;0;0;0;0;0;0;0;0;0;0;0;0;38;3
20419;CAPIVARI;588;RIO DAS PEDRAS;2;06;0458612;CEL JTO A EE MARIA JOSE DE AGUIAR ZEPPELINI PROFA;0;62;0;0;0;0;0;62;0;0;0;0;0;0;0;0;0;0;0;0;0;0;0;0;0;3;0;0;0;0;0;3;0;0;0;0;0;0;0;0;0;0;0;0;0;0;0;0;62;3
20501;ARARAQUARA;181;ARARAQUARA;2;06;0462020;CEL JTO A MARIA ISABEL RODRIGUES ORSO PROFA;0;36;0;0;10;0;0;46;0;0;0;0;0;0;0;0;0;0;0;0;1;0;0;1;0;4;0;0;1;0;0;5;0;0;0;0;0;0;0;0;0;0;0;0;1;0;0;1;47;6
20501;ARARAQUARA;181;ARARAQUARA;2;06;0985314;CEL JTO A EE JOAO MANOEL DO AMARAL;4;494;27;110;53;0;0;688;0;0;0;0;0;0;0;0;0;0;0;0;0;0;0;0;1;23;2;4;3;0;0;33;0;0;0;0;0;0;0;0;0;0;0;0;0;0;0;0;688;33
20501;ARARAQUARA;441;MATAO;2;06;0447341;CEL JTO A EE HENRIQUE MORATO PROF;0;224;14;60;17;0;0;315;0;0;0;0;0;0;0;0;0;0;0;0;0;0;0;0;0;13;2;2;2;0;0;19;0;0;0;0;0;0;0;0;0;0;0;0;0;0;0;0;315;19
20502;BARRETOS;204;BARRETOS;2;06;0433559;CEL JTO A EE ANTONIO OLYMPIO DOUTOR;0;98;0;47;0;88;0;233;0;0;0;0;0;0;0;0;0;0;0;0;0;0;0;0;0;4;0;2;0;4;0;10;0;0;0;0;0;0;0;0;0;0;0;0;0;0;0;0;233;10
20502;BARRETOS;322;GUAIRA;2;06;0458193;CEL JTO A EE ENOCH GARCIA LEAL;0;55;0;0;0;0;0;55;0;0;0;0;0;0;0;0;0;0;0;0;0;0;0;0;0;4;0;0;0;0;0;4;0;0;0;0;0;0;0;0;0;0;0;0;0;0;0;0;55;4
20502;BARRETOS;487;OLIMPIA;2;06;0433561;CEL JTO A EE ANTONIO AUGUSTO REIS NEVES DOUTOR;0;217;28;3;31;0;0;279;0;0;0;0;0;0;0;0;0;0;0;0;0;0;0;0;0;14;3;2;3;0;0;22;0;0;0;0;0;0;0;0;0;0;0;0;0;0;0;0;279;22
20504;FRANCA;310;FRANCA;2;06;0458958;CEL JTO A EE PROFA MARIA CINTRA NUNES ROCHA - DONA BRANCA;0;23;0;25;0;0;0;48;0;0;0;0;0;0;0;0;0;56;0;26;0;0;0;82;0;1;0;1;0;0;0;2;0;0;0;0;0;0;0;0;0;2;0;1;0;0;0;3;130;5
20504;FRANCA;310;FRANCA;2;06;0498993;CEL JTO A EE EVARISTO FABRÍCIO;0;52;0;0;0;0;0;52;0;0;0;0;0;0;0;0;0;0;0;0;0;0;0;0;0;4;0;0;0;0;0;4;0;0;0;0;0;0;0;0;0;0;0;0;0;0;0;0;52;4
20504;FRANCA;310;FRANCA;2;06;0499500;CEL JTO A EE ANA MARIA JUNQUEIRA;0;202;0;28;15;0;0;245;0;0;0;0;0;0;0;0;0;83;0;28;0;0;0;111;0;9;0;1;1;0;0;11;0;0;0;0;0;0;0;0;0;3;0;1;0;0;0;4;356;15
20504;FRANCA;310;FRANCA;2;06;0499511;CEL JTO A EE PEDRO NUNES DA ROCHA PROF;0;0;0;32;0;0;0;32;0;0;0;0;0;0;0;0;0;182;0;31;0;0;0;213;0;0;0;1;0;0;0;1;0;0;0;0;0;0;0;0;0;8;0;1;0;0;0;9;245;10
20504;FRANCA;310;FRANCA;2;06;0985818;CEL JTO A EE TORQUATO CALEIRO;0;325;59;94;26;0;0;504;0;0;0;0;0;0;0;0;0;429;0;63;28;0;0;520;0;12;3;3;1;0;0;19;0;0;0;0;0;0;0;0;0;14;0;2;1;0;0;17;1024;36
20504;FRANCA;385;ITIRAPUA;2;06;0458892;CEL JTO A EE HENRIQUE LESPINASSE PROF;0;69;0;0;0;0;0;69;0;0;0;0;0;0;0;0;0;0;0;0;0;0;0;0;0;3;0;0;0;0;0;3;0;0;0;0;0;0;0;0;0;0;0;0;0;0;0;0;69;3
20504;FRANCA;518;PEDREGULHO;2;06;0458910;CEL JTO A EE JOSE VICENTE MACHADO NETTO DR;0;63;0;28;0;0;0;91;0;0;0;0;0;0;0;0;0;0;0;0;0;0;0;0;0;4;0;1;0;0;0;5;0;0;0;0;0;0;0;0;0;0;0;0;0;0;0;0;91;5
20506;JABOTICABAL;210;BEBEDOURO;2;06;0433548;CEL JTO A EE PARAISO CAVALCANTI DOUTOR;0;86;0;34;0;0;0;120;0;0;0;0;0;0;0;0;0;0;0;0;0;0;0;0;0;5;0;1;0;0;0;6;0;0;0;0;0;0;0;0;0;0;0;0;0;0;0;0;120;6
20506;JABOTICABAL;334;GUARIBA;2;06;0459562;CEL JTO A EE JOSE PACIFICO;0;53;0;69;0;0;0;122;0;0;0;0;0;0;0;0;0;0;0;0;0;0;0;0;0;2;0;2;0;0;0;4;0;0;0;0;0;0;0;0;0;0;0;0;0;0;0;0;122;4
20506;JABOTICABAL;391;JABOTICABAL;2;06;0985326;CEL JTO A EE AURELIO ARROBAS MARTINS;0;46;0;0;0;0;0;46;0;0;0;0;0;0;0;0;0;0;0;0;0;0;0;0;0;3;0;0;0;0;0;3;0;0;0;0;0;0;0;0;0;0;0;0;0;0;0;0;46;3
20506;JABOTICABAL;461;MONTE ALTO;2;06;0459574;CEL JTO A EE LUIZ ZACHARIAS DE LIMA DR;0;30;0;0;0;0;0;30;0;0;0;0;0;0;0;0;0;0;0;0;0;0;0;0;0;2;0;0;0;0;0;2;0;0;0;0;0;0;0;0;0;0;0;0;0;0;0;0;30;2
20507;RIBEIRAO PRETO;582;RIBEIRAO PRETO;2;06;0460461;CEL JTO A EE WALTER FERREIRA PROF;0;135;0;35;0;0;0;170;0;0;0;0;0;0;0;0;0;0;0;0;0;0;0;0;0;6;0;1;0;0;0;7;0;0;0;0;0;0;0;0;0;0;0;0;0;0;0;0;170;7
20509;SAO CARLOS;341;IBATE;2;06;0460266;CEL JTO A EE EDESIO CASTANHO;4;9;0;0;3;0;0;16;0;0;0;0;0;0;0;0;0;0;0;0;0;0;0;0;1;1;0;0;1;0;0;3;0;0;0;0;0;0;0;0;0;0;0;0;0;0;0;0;16;3
20509;SAO CARLOS;637;SAO CARLOS;2;06;0457711;CEL JTO A EE ALVARO GUIAO DOUTOR;29;47;30;55;18;0;0;179;0;0;0;0;0;0;0;0;35;149;9;34;10;0;0;237;2;5;3;2;2;0;0;14;0;0;0;0;0;0;0;0;1;5;1;1;1;0;0;9;416;23
20510;SAO JOAQUIM DA BARRA;642;SAO JOAQUIM DA BARRA;2;06;0459720;CEL JTO A EE MANOEL GOUVEIA DE LIMA;0;25;0;0;0;0;0;25;0;0;0;0;0;0;0;0;0;0;0;0;0;0;0;0;0;2;0;0;0;0;0;2;0;0;0;0;0;0;0;0;0;0;0;0;0;0;0;0;25;2
20511;TAQUARITINGA;344;IBITINGA;2;06;0459100;CEL JTO A EE JOSEPHA MARIA DE OLIVEIRA BERSANO PROFA;0;133;0;72;42;0;0;247;0;0;0;0;0;0;0;0;0;69;0;24;19;0;0;112;0;7;0;3;2;0;0;12;0;0;0;0;0;0;0;0;0;3;0;1;1;0;0;5;359;17
20511;TAQUARITINGA;375;ITAPOLIS;2;06;0985338;CEL JTO A EE ANTONIO MORAES BARROS DR;0;98;0;10;50;0;0;158;0;0;0;0;0;0;0;0;0;0;0;0;0;0;0;0;0;4;0;1;2;0;0;7;0;0;0;0;0;0;0;0;0;0;0;0;0;0;0;0;158;7
20511;TAQUARITINGA;684;TAQUARITINGA;2;06;0985545;CEL JTO A EE 9 DE JULHO;0;0;0;0;0;0;0;0;0;0;0;0;0;0;0;0;0;219;34;35;21;0;0;309;0;0;0;0;0;0;0;0;0;0;0;0;0;0;0;0;0;8;1;1;1;0;0;11;309;11
20512;SERTAOZINHO;294;DUMONT;2;06;0459264;CEL JTO A EE NESTOR GOMES DE ARAUJO PROF;0;65;0;0;0;0;0;65;0;0;0;0;0;0;0;0;0;0;0;0;0;0;0;0;0;3;0;0;0;0;0;3;0;0;0;0;0;0;0;0;0;0;0;0;0;0;0;0;65;3
20512;SERTAOZINHO;550;PONTAL;2;06;0459173;CEL JTO A EE JOSEPHA CASTRO PROFA;0;0;0;0;0;0;0;0;0;0;0;0;0;0;0;0;0;45;0;0;0;0;0;45;0;0;0;0;0;0;0;0;0;0;0;0;0;0;0;0;0;2;0;0;0;0;0;2;45;2
20512;SERTAOZINHO;664;SERTAOZINHO;2;06;0363637;CEL JTO A EE NICIA FABIOLA ZANUTTO GIRALDI PROFESSORA;0;8;0;0;0;0;0;8;0;0;0;0;0;0;0;0;0;15;0;0;0;0;0;15;0;1;0;0;0;0;0;1;0;0;0;0;0;0;0;0;0;1;0;0;0;0;0;1;23;2
20601;BAURU;209;BAURU;2;06;0985582;CEL JTO A EE CHRISTINO CABRAL PROF;0;167;0;69;0;71;0;307;0;0;0;0;0;0;0;0;0;0;0;0;0;0;0;0;0;10;0;2;0;3;0;15;0;0;0;0;0;0;0;0;0;0;0;0;0;0;0;0;307;15
20601;BAURU;416;LENCOIS PAULISTA;2;06;0458211;CEL JTO A EE VIRGILIO CAPOANI;0;155;0;61;0;0;0;216;0;0;0;0;0;0;0;0;0;0;0;0;0;0;0;0;0;8;0;3;0;0;0;11;0;0;0;0;0;0;0;0;0;0;0;0;0;0;0;0;216;11
20602;JAU;289;DOIS CORREGOS;2;06;0459598;CEL JTO A EE JOSE ALVES MIRA;0;52;53;0;0;0;0;105;0;0;0;0;0;0;0;0;0;128;0;56;0;0;0;184;0;2;2;0;0;0;0;4;0;0;0;0;0;0;0;0;0;4;0;2;0;0;0;6;289;10
20602;JAU;348;IGARACU DO TIETE;2;06;0985831;CEL JTO A EE JOSE CONTI;0;31;0;25;0;0;0;56;0;20;0;0;0;0;0;20;0;198;0;31;0;0;0;229;0;1;0;1;0;0;0;2;0;1;0;0;0;0;0;1;0;7;0;1;0;0;0;8;305;11
20602;JAU;401;JAU;2;06;0985348;CEL JTO A EE MAJOR PRADO;0;187;94;37;0;0;0;318;0;0;0;0;0;0;0;0;0;115;0;61;0;0;0;176;0;11;6;2;0;0;0;19;0;0;0;0;0;0;0;0;0;5;0;2;0;0;0;7;494;26
20604;LINS;419;LINS;2;06;0449106;CEL JTO A EE FERNANDO COSTA;0;68;51;37;0;0;0;156;0;0;0;0;0;0;0;0;0;108;0;38;0;0;0;146;0;3;3;1;0;0;0;7;0;0;0;0;0;0;0;0;0;4;0;1;0;0;0;5;302;12
20701;CATANDUVA;260;CATANDUVA;2;06;0363613;CEL JTO A EE BARAO DO RIO BRANCO;0;155;8;19;19;0;0;201;0;0;0;0;0;0;0;0;0;175;29;35;10;0;16;265;0;5;1;1;1;0;0;8;0;0;0;0;0;0;0;0;0;5;1;1;1;0;1;9;466;17
20701;CATANDUVA;483;NOVO HORIZONTE;2;06;0458788;CEL JTO A EE MARIO FLORENCE PROFESSOR;0;0;0;0;0;0;0;0;0;0;0;0;0;0;0;0;0;3;0;64;0;0;0;67;0;0;0;0;0;0;0;0;0;0;0;0;0;0;0;0;0;1;0;2;0;0;0;3;67;3
20702;FERNANDOPOLIS;304;FERNANDOPOLIS;2;06;0985824;CEL JTO A EE JOAQUIM ANTONIO PEREIRA;0;246;24;98;0;0;0;368;0;0;0;0;0;0;0;0;0;83;0;0;0;0;0;83;0;10;1;3;0;0;0;14;0;0;0;0;0;0;0;0;0;3;0;0;0;0;0;3;451;17
20702;FERNANDOPOLIS;791;OUROESTE;2;06;0458806;CEL JTO A EE SANSARA SINGH FILHO PROF;0;118;0;0;0;0;0;118;0;0;0;0;0;0;0;0;0;19;0;0;0;0;0;19;0;4;0;0;0;0;0;4;0;0;0;0;0;0;0;0;0;1;0;0;0;0;0;1;137;5
20703;JALES;396;JALES;2;06;0985715;CEL JTO A EE DOM ARTUR HORSTHUIS;0;244;47;78;82;0;0;451;0;0;0;0;0;0;0;0;0;124;27;52;22;0;0;225;0;9;3;3;4;0;0;19;0;0;0;0;0;0;0;0;0;4;1;2;1;0;0;8;676;27
20703;JALES;614;SANTA FE DO SUL;2;06;0985806;CEL JTO A EE ITAEL DE MATOS PROFESSOR;0;238;46;56;44;0;0;384;0;0;0;0;0;0;0;0;0;154;12;64;0;0;0;230;0;11;2;2;2;0;0;17;0;0;0;0;0;0;0;0;0;6;1;2;0;0;0;9;614;26
20704;JOSE BONIFACIO;405;JOSE BONIFACIO;2;06;0985363;CEL JTO A EE SEVERINO REINO;0;256;0;50;0;0;0;306;0;0;0;0;0;0;0;0;0;0;0;0;0;0;0;0;0;11;0;2;0;0;0;13;0;0;0;0;0;0;0;0;0;0;0;0;0;0;0;0;306;13
20704;JOSE BONIFACIO;451;MIRASSOL;2;06;0985375;CEL JTO A EE GENARO DOMARCO;0;147;0;77;31;0;0;255;0;0;0;0;0;0;0;0;0;0;0;0;0;0;0;0;0;8;0;3;2;0;0;13;0;0;0;0;0;0;0;0;0;0;0;0;0;0;0;0;255;13
20710;SAO JOSE DO RIO PRETO;478;NOVA GRANADA;2;06;0985399;CEL JTO A EE FRANCISCO MARQUES PINTO;0;58;29;0;26;0;0;113;0;0;0;0;0;0;0;0;0;162;0;66;0;0;0;228;0;2;1;0;1;0;0;4;0;0;0;0;0;0;0;0;0;5;0;2;0;0;0;7;341;11
20710;SAO JOSE DO RIO PRETO;647;SAO JOSE DO RIO PRETO;2;06;0985405;CEL JTO A EE MONSENHOR GONCALVES;0;402;102;97;40;0;0;641;0;0;0;0;0;0;0;0;0;169;33;31;19;0;0;252;0;17;5;3;2;0;0;27;0;0;0;0;0;0;0;0;0;6;1;1;1;0;0;9;893;36
20711;VOTUPORANGA;718;VOTUPORANGA;2;06;0985739;CEL JTO A EE JOSE MANOEL LOBO DR;0;66;31;49;0;0;0;146;0;0;0;0;0;0;0;0;0;143;0;49;0;0;0;192;0;3;2;2;0;0;0;7;0;0;0;0;0;0;0;0;0;6;0;2;0;0;0;8;338;15
20802;ARACATUBA;177;ARACATUBA;2;06;0985417;CEL JTO A EE MANOEL BENTO DA CRUZ;0;388;81;174;34;0;0;677;0;0;0;0;0;0;0;0;0;0;0;0;0;0;0;0;0;16;4;5;1;0;0;26;0;0;0;0;0;0;0;0;0;0;0;0;0;0;0;0;677;26
20803;BIRIGUI;214;BIRIGUI;2;06;0433640;CEL JTO A EE STELIO MACHADO LOUREIRO PROFESSOR;0;350;0;32;0;0;0;382;0;0;0;0;0;0;0;0;0;0;0;0;0;0;0;0;0;15;0;1;0;0;0;16;0;0;0;0;0;0;0;0;0;0;0;0;0;0;0;0;382;16
20804;PENAPOLIS;521;PENAPOLIS;2;06;0460242;CEL JTO A EE ADELINO PETERS;0;217;0;104;0;99;0;420;0;0;0;0;0;0;0;0;0;0;0;0;0;0;0;0;0;10;0;4;0;4;0;18;0;0;0;0;0;0;0;0;0;0;0;0;0;0;0;0;420;18
20901;ADAMANTINA;150;ADAMANTINA;2;06;0985429;CEL JTO A EE FLEURIDES CAVALINI MENECHINO PROFA;0;31;0;0;0;0;0;31;0;0;0;0;0;0;0;0;0;0;0;0;0;0;0;0;0;4;0;0;0;0;0;4;0;0;0;0;0;0;0;0;0;0;0;0;0;0;0;0;31;4
20901;ADAMANTINA;292;DRACENA;2;06;0458090;CEL JTO A EE ENGENHEIRO ISAC PEREIRA GARCEZ;0;25;0;0;0;0;0;25;0;0;0;0;0;0;0;0;0;0;0;0;0;0;0;0;0;1;0;0;0;0;0;1;0;0;0;0;0;0;0;0;0;0;0;0;0;0;0;0;25;1
20901;ADAMANTINA;408;JUNQUEIROPOLIS;2;06;0458119;CEL JTO A EE IDENE RODRIGUES DOS SANTOS PROF;0;143;0;50;0;0;0;193;0;0;0;0;0;0;0;0;0;0;0;0;0;0;0;0;0;6;0;2;0;0;0;8;0;0;0;0;0;0;0;0;0;0;0;0;0;0;0;0;193;8
20901;ADAMANTINA;494;OSVALDO CRUZ;2;06;0985430;CEL JTO A EE OSVALDO MARTINS;0;40;0;3;0;0;0;43;0;0;0;0;0;0;0;0;0;0;0;0;0;0;0;0;0;2;0;1;0;0;0;3;0;0;0;0;0;0;0;0;0;0;0;0;0;0;0;0;43;3
20904;PRESIDENTE PRUDENTE;440;MARTINOPOLIS;2;06;0460485;CEL JTO A EE JOAO GOMES MARTINS CORONEL;0;11;0;0;0;0;0;11;0;0;0;0;0;0;0;0;0;19;0;0;0;0;0;19;0;1;0;0;0;0;0;1;0;0;0;0;0;0;0;0;0;1;0;0;0;0;0;1;30;2
20904;PRESIDENTE PRUDENTE;562;PRESIDENTE PRUDENTE;2;06;0985442;CEL JTO A EE MONSENHOR SARRION;0;368;130;182;18;74;0;772;0;0;0;0;0;0;0;0;0;91;29;35;23;18;0;196;0;13;7;6;2;3;0;31;0;0;0;0;0;0;0;0;0;3;1;1;1;1;0;7;968;38
20908;SANTO ANASTACIO;563;PRESIDENTE VENCESLAU;2;06;0005028;CEL JTO A EE ANTONIO MARINHO DE CARVALHO FILHO;0;8;0;0;0;0;0;8;0;0;0;0;0;0;0;0;0;0;0;0;0;0;0;0;0;1;0;0;0;0;0;1;0;0;0;0;0;0;0;0;0;0;0;0;0;0;0;0;8;1
20908;SANTO ANASTACIO;625;SANTO ANASTACIO;2;06;0004989;"CEL JTO A EE PROFA ALICE MACIEL SANCHES ";0;11;0;0;0;0;0;11;0;0;0;0;0;0;0;0;0;0;0;0;0;0;0;0;0;1;0;0;0;0;0;1;0;0;0;0;0;0;0;0;0;0;0;0;0;0;0;0;11;1
20909;MIRANTE DO PARANAPANEMA;450;MIRANTE DO PARANAPANEMA;2;06;0459859;CEL JTO A EE JOSE QUIRINO CAVALCANTE;0;98;0;0;0;0;0;98;0;0;0;0;0;0;0;0;0;0;0;0;0;0;0;0;0;5;0;0;0;0;0;5;0;0;0;0;0;0;0;0;0;0;0;0;0;0;0;0;98;5
20909;MIRANTE DO PARANAPANEMA;470;NARANDIBA;2;06;0459835;CEL JTO A EE PROFESSORA TAKAKO SUZUKI;0;89;0;33;0;0;0;122;0;0;0;0;0;0;0;0;0;0;0;0;0;0;0;0;0;3;0;1;0;0;0;4;0;0;0;0;0;0;0;0;0;0;0;0;0;0;0;0;122;4
20909;MIRANTE DO PARANAPANEMA;690;TEODORO SAMPAIO;2;06;0459948;CEL JTO A EE ARTHUR RIBEIRO;0;59;0;50;0;0;0;109;0;0;0;0;0;0;0;0;0;0;0;0;0;0;0;0;0;2;0;2;0;0;0;4;0;0;0;0;0;0;0;0;0;0;0;0;0;0;0;0;109;4
21001;ASSIS;189;ASSIS;2;06;0428760;CEL JTO A EE PROF CARLOS ALBERTO DE OLIVEIRA;0;313;32;90;22;53;0;510;0;0;0;0;0;0;0;0;10;145;16;69;43;12;0;295;0;13;1;3;2;3;0;22;0;0;0;0;0;0;0;0;1;5;1;2;2;1;0;12;805;34
21001;ASSIS;436;MARACAI;2;06;0985485;CEL JTO A EE JOSE GONCALVES DE MENDONCA;0;62;0;0;0;0;0;62;0;0;0;0;0;0;0;0;0;0;0;0;0;0;0;0;0;4;0;0;0;0;0;4;0;0;0;0;0;0;0;0;0;0;0;0;0;0;0;0;62;4
21001;ASSIS;501;PALMITAL;2;06;0341010;CEL JTO A EE ADALGISA CAVEZZALE DE CAMPOS PROFA;8;72;0;0;0;0;0;80;0;0;0;0;0;0;0;0;35;50;0;0;0;0;0;85;1;3;0;0;0;0;0;4;0;0;0;0;0;0;0;0;1;2;0;0;0;0;0;3;165;7
21001;ASSIS;503;PARAGUACU PAULISTA;2;06;0985521;CEL JTO A EE DIVA FIGUEIREDO DA SILVEIRA;0;30;0;4;0;0;0;34;0;0;0;0;0;0;0;0;0;0;0;0;0;0;0;0;0;2;0;1;0;0;0;3;0;0;0;0;0;0;0;0;0;0;0;0;0;0;0;0;34;3
21003;MARILIA;315;GARCA;2;06;0985491;CEL JTO A EE PROFA LYDIA YVONE GOMES MARQUES;0;0;0;0;0;0;0;0;0;0;0;0;0;0;0;0;0;89;0;52;0;0;0;141;0;0;0;0;0;0;0;0;0;0;0;0;0;0;0;0;0;4;0;2;0;0;0;6;141;6
21003;MARILIA;438;MARILIA;2;06;0985508;CEL JTO A EE MONSENHOR BICUDO;1;253;0;55;33;77;0;419;0;0;0;0;0;0;0;0;0;0;0;0;0;0;0;0;1;10;0;2;3;3;0;19;0;0;0;0;0;0;0;0;0;0;0;0;0;0;0;0;419;19
21003;MARILIA;548;POMPEIA;2;06;0459768;CEL JTO A EE CULTURA E LIBERDADE;0;69;0;0;0;0;0;69;0;0;0;0;0;0;0;0;0;0;0;0;0;0;0;0;0;6;0;0;0;0;0;6;0;0;0;0;0;0;0;0;0;0;0;0;0;0;0;0;69;6
21004;OURINHOS;495;OURINHOS;2;06;0363625;CEL JTO A EE DOMINGOS CAMERLINGO CALO;0;0;0;0;0;4;0;4;0;0;0;0;0;0;0;0;0;161;0;33;0;0;0;194;0;0;0;0;0;1;0;1;0;0;0;0;0;0;0;0;0;7;0;1;0;0;0;8;198;9
21004;OURINHOS;612;SANTA CRUZ DO RIO PARDO;2;06;0460230;CEL JTO A EE LEONIDAS DO AMARAL VIEIRA;0;0;0;0;0;0;0;0;0;0;0;0;0;0;0;0;0;99;0;8;0;0;0;107;0;0;0;0;0;0;0;0;0;0;0;0;0;0;0;0;0;5;0;1;0;0;0;6;107;6
21006;TUPA;570;RANCHARIA;2;06;0458971;CEL JTO A EE ANTONIO JOSE DOS SANTOS DOM;0;11;0;0;0;0;0;11;0;0;0;0;0;0;0;0;0;0;0;0;0;0;0;0;0;1;0;0;0;0;0;1;0;0;0;0;0;0;0;0;0;0;0;0;0;0;0;0;11;1
21006;TUPA;697;TUPA;2;06;0985512;CEL JTO A EE INDIA VANUIRE;0;119;0;0;76;0;0;195;0;0;0;0;0;0;0;0;0;0;0;0;0;0;0;0;0;5;0;0;4;0;0;9;0;0;0;0;0;0;0;0;0;0;0;0;0;0;0;0;195;9
21101;MIRACATU;448;MIRACATU;2;06;0459781;CEL JTO A EE ARMANDO GONCALVES PROF;0;244;0;109;0;0;0;353;0;0;0;0;0;0;0;0;0;0;0;0;0;0;0;0;0;8;0;5;0;0;0;13;0;0;0;0;0;0;0;0;0;0;0;0;0;0;0;0;353;13
21102;REGISTRO;574;REGISTRO;2;06;0985533;CEL JTO A EE FABIO BARRETO DOUTOR;0;368;0;140;0;99;0;607;0;0;0;0;0;0;0;0;0;0;0;0;0;0;0;0;0;14;0;4;0;4;0;22;0;0;0;0;0;0;0;0;0;0;0;0;0;0;0;0;607;22
